id,名前,種類,性別,年齢（登録時）,体重,毛色,避妊・去勢,マイクロチップ,ワクチン接種,ひとこと,健康状態,性格,保護された経緯,写真ファイルパス,,正面を向いていること,顔のアップ度,背景がシンプルか,動物にピントが合っている,かわいい,写真の中の位置,明暗
37,なし,日本猫,オス（♂）,0歳9ヵ月（2013年09月05日登録）,4kg,キジトラ,済,無,済,人なつっこい性格です。3種混合ワクチンの予防接種、2回済み。猫エイズ、猫白血病のウイルスチェックも陰性でした。,,,2013年6月に保護されました。,./img/37/,,4,3,5,4,3,3,2
85,まめちゃん,日本猫,オス（♂）,0歳2ヵ月（2013年09月25日登録）,1.5kg,キジトラ,未,無,済,とっても甘えん坊な子猫です♪呼ぶと膝の上に乗り、調子が良いと肩まで乗ってリラックスします。良く食べて元気な子です。,,,当院付近の工場で生まれた子猫を保護いたしました。,./img/85/,,5,5,3,4,3,3,3
86,ちびちゃん,日本猫,オス（♂）,0歳2ヵ月（2013年09月25日登録）,1.5kg,キジトラ,未,無,済,とっても愛嬌がある子猫です!かくれんぼが大好きで、見つかると逃げます(笑)時々おしりだけ出して隠れた気になっています。見ていて気持ちがなごむ、かわいい子猫です!,,,当院付近の工場で生まれた子猫を保護いたしました。,./img/86/,,5,5,4,5,4,4,3
308,保護ネコ,日本猫,オス（♂）,0歳4ヵ月（2013年12月03日登録）,3kg,白・黒トラ,未,無,済,とても元気で活発な子で、肩に乗るのが好きです。,,,民家の庭で弱っているところを保護されました。,./img/308/,,3,3,2,3,3,3,2
336,トラ,日本猫,オス（♂）,0歳10ヵ月（2013年12月14日登録）,3.5kg,キジトラ,済,無,済,とても性格の良い穏やかな子です!先日、去勢手術も済ませました。写真のイメージより身体は小さめです。よろしくお願いします。,,,動物好きの女性のお家の前に置かれていたそうです。この方がご高齢のため、可愛がっていただける里親様を探しています。2匹のうち1匹は決まりましたので、写真左側の猫ちゃんになります。,./img/336/,,4,4,3,4,3,2,2
355,バド,日本猫,オス（♂）,推定5歳（2013年12月21日登録）,4kg,白茶,済,無,済,少し臆病ですが、だんだんと慣れて来ました。愛嬌のある顔です。どうぞよろしくお願い致します。,,,やむを得ない事情によりオーナー様が飼育できなくなってしまった為、当院でお預かりしています。,./img/355/,,4,4,3,5,2,2,2
860,名無しクロ1,日本猫,オス（♂）,0歳1ヵ月（2014年06月18日登録）,0.4kg,ブラック,未,無,未,是非、是非もらってください。,問題なし。,人馴れしています。,近所で保護された子猫です。,./img/860/,,5,5,4,5,3,3,3
861,名無しクロ2,日本猫,オス（♂）,0歳1ヵ月（2014年06月18日登録）,0.4kg,ブラック,未,無,未,是非是非、もらってください!,良好,人馴れしています。,近所で保護されました。,./img/861/,,5,5,5,5,2,3,3
922,くろき動物病院,日本猫,メス（♀）,0歳2ヵ月（2014年07月01日登録）,0.6kg,白黒,未,無,未,もらってください!,良好,良い,捨て猫と思われる。,./img/922/,,5,4,3,4,3,2,2
943,保護猫1,日本猫,オス（♂）,0歳1ヵ月（2014年07月09日登録）,0.5kg,キジトラ,未,無,未,大人しい性格です。,,,近所で拾った,./img/943/,,5,2,3,4,5,2,2
959,りとる,日本猫,メス（♀）,0歳3ヵ月（2014年07月14日登録）,1.1kg,白,済,有,済,すぐに甘咬みする、活発な女の子です。色々な物に興味を示します。よく人に慣れています。,良好。猫エイズ・白血病検査陰性。,,お年寄りの家の庭に、迷い込んで来て保護。,./img/959/,,5,3,4,4,3,2,2
960,まろ,日本猫,オス（♂）,0歳3ヵ月（2014年07月14日登録）,2kg,白,済,有,済,ケージをあけると、すぐ抱っこを要求してきます。とても人に慣れています。額の黒い斑が特徴的な、美男子です。,良好。猫エイズ・白血病検査陰性,,お年寄りの家の庭に、迷い込んで来て保護。,./img/960/,,5,5,4,5,3,4,2
961,おーちゃん,日本猫,オス（♂）,0歳3ヵ月（2014年07月14日登録）,1.7kg,黒と白,済,有,済,元気いっぱいの男の子で、ねこじゃらし大好きです。よく人に慣れています。,良好。猫エイズ・白血病検査陰性,,お年寄りの家の、庭に迷い込んで保護。,./img/961/,,3,3,5,5,5,4,3
962,めーちゃん,日本猫,メス（♀）,0歳3ヵ月（2014年07月14日登録）,1.7kg,黒と白,済,有,済,ちょっとシャイな女の子です。スーパーボールをよく追いかけて遊びます。人に良くなれていて、ゴロゴロします。,良好。猫エイズ・白血病検査陰性,,お年寄りの家に、迷い込んで保護。,./img/962/,,3,5,5,5,3,4,3
963,たまちゃん,日本猫,メス（♀）,0歳2ヵ月（2014年07月14日登録）,800kg,三毛,未,無,済,なでてのアピールがずごいです。ちょっとおくびょう。小さい割によく食べます。,良好。,,患者さんの家の庭で保護。,./img/963/,,5,4,5,5,5,3,3
964,づらら,日本猫,オス（♂）,0歳4ヵ月（2014年07月14日登録）,2kg,白,済,無,済,よくなきます。指を入れるとねこぱんちして遊びます。野良出身ですが、だいぶ慣れてきて、お腹なでなでもさせます。,良好,,焼鳥屋さんが近所で保護,./img/964/,,5,5,3,5,3,3,3
979,たまちゃん,日本猫,メス（♀）,0歳2ヵ月（2014年08月01日登録）,1kg,三毛,済,有,済,人懐っこく、甘えんぼさんです。たくさん遊んでくれる飼い主さんを募集いたします。現在、猫エイズ・白血病検査陰性です。,良好,,庭に迷い込んできた所を保護,./img/979/,,5,4,4,4,4,3,3
1019,ウニ,日本猫,オス（♂）,0歳2ヵ月（2014年08月15日登録）,600kg,茶,未,無,未,人懐っこいです。のりと兄弟です。2匹で仲良く遊んでいます。できれば、2匹一緒に引き取ってほしいです。,良い,人懐っこい,捨て猫,./img/1019/,,5,5,3,1,3,4,1
1020,のり,日本猫,メス（♀）,0歳2ヵ月（2014年08月15日登録）,600kg,こげ茶,未,無,未,ウニと兄弟です。できれば、2匹一緒に引き取ってほしいです。,良い,人懐っこい,捨て猫,./img/1020/,,4,4,3,2,3,3,1
1021,ちゃめ,日本猫,オス（♂）,0歳7ヵ月（2014年08月15日登録）,2kg,しましま,未,無,未,人懐っこいです。,良い,人懐っこい,交通事故で病院に来た。飼い主さんが見つからなかった。,./img/1021/,,5,5,2,5,5,3,2
1026,キラ、ゴン,日本猫,オス（♂）,0歳4ヵ月（2014年08月18日登録）,2.1kg,白,未,無,済,兄弟2匹でいつも元気に遊んでいます。病院の先住の猫や犬とも仲良しです。人も大好きで、なぜるとすぐにゴロゴロとのどを鳴らして、膝の上に乗ってきます。,非常に良い。,活発で人なつこく甘えん坊。,7月16日、段ボールに入れて捨てられていたところを保護されました。,./img/1026/,,4,4,5,5,3,3,3
1074,"茶トラ(♂),三毛猫(♀),茶トラ(♂)",日本猫,オス（♂）,0歳3ヵ月（2014年09月01日登録）,1.2kg,茶トラ、三毛、茶トラ,未,無,済,"混合ワクチン1回目済み、ウイルス検査済み(猫エイズ,猫白血病ともに陰性)便検査済み(駆虫済み)です(^^♪とーーーーっても可愛い子猫ちゃんたちなのでぜひお写真だけでなく当院まで見に来てあげてください☆",,左の茶トラの男の子がまだ里親募集中です!少し怖がりの性格ですが慣れると人懐っこく、とてもいい子です(^O^)/つり目で男の子らしい顔つきです★詳しくは当院までお尋ねください!,野良の母猫が近所で出産し、地域で猫が増えないように当院で里親募集をさせてただいております。,./img/1074/,,5,5,4,5,5,3,3
1075,"うす茶トラ(♂),白サバトラ(♂)",日本猫,オス（♂）,0歳3ヵ月（2014年09月01日登録）,1.2kg,"うす茶トラ,白サバトラ",未,無,済,"混合ワクチン1回目済み、ウイルス検査済み(猫エイズ,猫白血病ともに陰性)便検査済み(駆虫済み)です(^^♪とーーーーっても可愛い子猫ちゃんたちなのでぜひお写真だけでなく当院まで見に来てあげてください☆",,うす茶トラの男の子は兄弟の中で1番大きいです★食欲旺盛!来院当初は警戒心が強い子でしたが、慣れるととっても人懐こくていい子です(^O^)/白サバトラの男の子はやんちゃで人懐こいです★みんなの遊びの中心になっています!いつも元気に走り回っています(^O^)/詳しくは当院までお尋ねください!,野良の母猫が近所で出産し、地域で猫が増えないように当院で里親募集をさせてただいております。,./img/1075/,,5,5,4,5,5,3,3
1084,ハニーちゃん,日本猫,メス（♀）,0歳2ヵ月（2014年09月05日登録）,0.85kg,サビ柄・尻尾長く真っ直ぐです,未,無,済,顔の半分の色が違う、サビ柄の女の子です。とにかく可愛いハニーちゃんです。,きわめて良好です。ワクチン1回済み、お腹の寄生虫駆除薬を1回投薬済、ノミ駆除済,大きい猫達を怖がる事なく遊びに行くので、可愛がってもらっています。遊ぶ時はとても元気に遊びますが、眠くなるとみ?み?鳴いて、お気に入りのタオルをチュウチュウ吸って、モミモミしています。口からタオルが離れてしまっても、舌を出してエアーチュウチュウしています。寝る時は、お腹や胸に乗っかったり、首元にくっついて寝ますので、一緒にねると妙な筋肉痛になります(#^.^#)とっても可愛い甘えん坊です。,近所の高校生の持ち込みです,./img/1084/,,3,5,5,4,3,3,3
1103,くくろちゃん,日本猫,オス（♂）,0歳5ヵ月（2014年09月15日登録）,2.7kg,黒色,済,無,未,最初は少し怖がりさんでしたが、慣れてくると抱っこさせてくれるようになりました。,健康状態は良好です。便検査、猫エイズ、猫白血病検査など行いましたが全て問題ありませんでした。ノミ駆虫、消化管内寄生虫駆除、去勢手術、3種混合ワクチン(1回目)を行っています。,怖がりですが、噛んだりもせずおとなしい性格だと思います。,当院の近隣にて最近見かける事が多くなり、スタッフに保護され里親募集となりました。,./img/1103/,,5,5,2,5,4,3,3
1148,黒こねこちゃん,日本猫,メス（♀）,0歳2ヵ月（2014年09月18日登録）,1kg,黒,未,無,未,写真一番右の黒猫ちゃんです。3匹姉妹でとっても元気です。,良好。駆虫済。,やんちゃ。ひとなつっこい。,捨てられたところを保護される。,./img/1148/,,5,3,3,3,4,3,2
1159,トーティちゃん,日本猫,メス（♀）,0歳2ヵ月（2014年09月19日登録）,1kg,サビ,未,無,未,写真一番左の子です。3匹姉妹でとっても元気いっぱいです。,良好。駆虫済。,ひとなつっこい。元気。,捨てられた所を保護。,./img/1159/,,5,3,3,3,4,3,2
1201,元気くん,日本猫,オス（♂）,0歳3ヵ月（2014年10月08日登録）,1.8kg,超個性的な白黒柄で尻尾まっすぐ,未,無,済,とっても甘えん坊です。今までこんな甘えん坊は見たことがありません。体型はシュッとしたスタイルではなく、ぽったり系です。大きくなると思います!本当に癒されます・・・お問合せ、お待ちしております。,良好です。お腹の寄生虫・ノミ駆除薬投与済み回虫(-)ワクチン1回済みエイズ・白血病(-),名前の通り、元気いっぱいに遊んでいます。超甘えん坊で、すぐゴロゴロ言って、グニャグニャになってしまいます。物怖じせず、慣れるのも早いと思います。,痩せて可哀想なお母さん猫がベランダで産み、夏の暑い日にぐったりしているところを保護されました。介護の仕事をされている一人暮らしの方が多頭飼育しているため、お世話が行き届きません。一日も早く、環境の良い優しい里親さまに引き取って頂きたいです。どうぞよろしくお願いいたします!!,./img/1201/,,4,5,5,5,5,3,3
1202,ちびくん,日本猫,オス（♂）,0歳3ヵ月（2014年10月08日登録）,1.2kg,白と黒,未,無,済,大人の猫ちゃんとも仲良くできます。どうぞよろしくお願いいたします!!,良好です。お腹寄生虫・ノミの駆除薬投与済み回虫(-)ワクチン1回済みエイズ・白血病(-),甘えん坊で、すぐお膝に乗ってきます。しっぽは短い、ファニーフェイスです。,痩せて可哀想なお母さん猫がベランダで産み、夏の暑い日にぐったりしているところを保護されました。3兄弟のうちの1匹です。現在は、とても元気です。保護されているのが、お一人暮らしの多忙な方で、3兄弟が増えると5頭の飼育になってしまい、お世話が行き届かなくなってしまうため、里親さまを探しております。,./img/1202/,,4,5,3,3,4,3,3
1203,みーすけくん,日本猫,オス（♂）,0歳3ヵ月（2014年10月08日登録）,1.2kg,個性的な白黒柄で尻尾はまっすぐ,未,無,済,育てやすい子です。大人の猫ちゃんとも仲良くできると思います。,良好です。ノミ・お腹の寄生虫駆除済み回虫(-)エイズ・白血病ウイルス(-),物怖じしない、優しい、元気な男の子です。とっても人懐くて、すぐにゴロゴロいってくれます。,痩せて可哀想なお母さん猫がベランダで産み、夏の暑い日にぐったりしているところを保護されました。3兄弟のうちの1匹です。現在は、とても元気です。保護されているのが、お一人暮らしの多忙な方で、多頭飼育しているため、お世話が行き届きません。一日も早く、環境の良い優しい里親さま宅で育てていただきたいと思っています。,./img/1203/,,3,5,4,3,4,3,3
1287,桃太郎君,日本猫,オス（♂）,0歳3ヵ月（2014年10月28日登録）,1.8kg,白黒,未,無,済,5兄弟とも甘えん坊でとっても可愛いです。大きくなりそうで、ぽってり系です。,良好です。お腹の寄生虫・ノミ駆除薬投与済み回虫(-)ワクチン1回済みエイズ・白血病(-),,痩せて可哀想なお母さん猫がベランダで産み、夏の暑い日にぐったりしているところを保護されました。介護の仕事をされている一人暮らしの方が多頭飼育しているため、お世話が行き届きません。一日も早く、環境の良い優しい里親さまに引き取って頂きたいです。,./img/1287/,,5,5,4,4,4,3,3
1607,ごんた君,日本猫,オス（♂）,推定12-13歳（2015年02月10日登録）,6kg,白、黒、茶,済,無,済,終生飼育していただける優しい飼い主さんを待っています!譲渡前の審査段階でのご自宅訪問や譲渡後のフォローなどの関係上東京、神奈川、埼玉、千葉エリアと限らせて頂いております。,・良好・2016年混合ワクチン接種済・2015年7月Felv/FIVウィルスチェック陰性,・人見知りせず、誰にでも甘えます。・なでるとすぐにゴロゴロと喉をならします。・手をペロペロと舐めるのが大好きです!・あまり抱っこが好きではありません。★まったりと我が道を行くというようなこです(^_^),飼い主様が体調を崩された為、新しい飼い主様を探しております。,./img/1607/,,4,4,5,5,4,3,3
1622,風太くん,日本猫,オス（♂）,推定7歳（2015年02月10日登録）,3kg,白、黒,済,無,済,終生飼育していただける優しい飼い主さんを待っています!※譲渡前の審査段階でのご自宅訪問や譲渡後のフォローなどの関係上東京、神奈川、埼玉、千葉エリアと限らせて頂いております。詳しくは、「必ずお読みください」をご覧ください。,・良好・2016年混合ワクチン接種済,・人懐っこくて、大人しい性格です。・とてもおしゃべりです♪「ふうた」と呼ぶとにゃーと鳴き返してくれます。・活発な男の子なので、お部屋の中を走るのが大好きです。★最初は警戒心が強いのでお家に慣れるまで時間を要します。,現飼い主様がご高齢で、終生飼育ができないため,./img/1622/,,3,5,4,3,3,3,3
1755,やんぼう,日本猫,オス（♂）,0歳3ヵ月（2015年03月16日登録）,1.8kg,キジトラ,済,無,済,野良猫出身ですが、とても人懐っこく、ゴロにゃんです。,鼻炎持ち。右眼に白い傷跡、左眼がやや小さめですが、視力に問題なし。,極めて良好,ボランティアさんから引き取り。詳細は不明。,./img/1755/,,2,5,3,4,3,3,4
1756,まーぼう,日本猫,オス（♂）,0歳4ヵ月（2015年03月16日登録）,2.4kg,キジトラ,済,無,済,かなりびびりですが、咬みついたりはしません。顔はかわいらしく、目はぱっちりです。,良好,臆病,ボランティアさんより引き取り。詳細は不明。,./img/1756/,,5,5,3,5,5,3,3
1810,モモ吉,日本猫,オス（♂）,1歳0ヵ月（2015年03月31日登録）,2.8kg,グレー,済,無,未,お気軽にお問合せください。★近畿圏内希望★,,,飼い主さんより,./img/1810/,,5,3,5,5,4,3,3
2080,キジトラちゃん,日本猫,メス（♀）,2歳6ヵ月（2015年05月23日登録）,2.9kg,キジトラ,済,無,済,少し恥ずかしがり屋さんですが、慣れると甘えん坊さんです。小顔で美形です。毛足は長めです。,,,外猫さんを保護,./img/2080/,,4,5,4,4,3,3,3
2213,黒白,日本猫,オス（♂）,0歳2ヵ月（2015年06月15日登録）,0.85kg,黒白,未,無,済,Felv(-)FIV(-)寄生虫駆虫済み,良好,,6月10日に、4匹でいた所を保護しました。,./img/2213/,,3,5,5,2,3,3,2
2214,白キジ,日本猫,オス（♂）,0歳2ヵ月（2015年06月15日登録）,0.8kg,白キジ,未,無,済,Felv(-)Fiv(-)寄生虫駆虫済み,良好,,6月10日頃4匹でいた所を保護しました。,./img/2214/,,5,3,4,4,4,3,2
2215,キジ白,日本猫,オス（♂）,0歳2ヵ月（2015年06月15日登録）,0.9kg,キジ白,未,無,済,Felv(-)FIV(-)寄生虫駆除済み,良好,,6月10日4匹でいるところを保護しました。,./img/2215/,,4,3,3,3,3,3,3
2216,茶トラ白,日本猫,メス（♀）,0歳2ヵ月（2015年06月15日登録）,0.85kg,茶トラ白,未,無,済,Felv(-)FIV(-)寄生虫駆除済,良好,,6月10日4匹でいた所を保護しました。,./img/2216/,,3,3,4,3,3,3,3
2363,しゃあ,日本猫,オス（♂）,0歳3ヵ月（2015年07月13日登録）,1.3kg,キジトラ,未,無,済,兄弟の中で、一番びびり。時々指を舐めてくれたりします。ツンデレのギャップがたまりません。プライドの高い猫を慣らしてみたい方、お待ちしております。,良好,びびり,ボランティアさんによって保護され、当院に運ばれました。,./img/2363/,,5,5,5,5,4,3,3
2372,グレー,日本猫,オス（♂）,0歳0ヵ月（2015年07月13日登録）,200kg,グレー白,未,無,未,かわいい子です。まだミルクを飲ませています。,良好,良好,動物病院の前に遺棄されました。(遺棄は犯罪です),./img/2372/,,1,1,3,3,2,3,2
2392,クッキーちゃん,日本猫,メス（♀）,6歳2ヵ月（2015年07月14日登録）,4.92kg,黒、白,未,無,済,終生飼育していただける優しい飼い主さんを待っています!譲渡前の審査段階でのご自宅訪問や譲渡後のフォローなどの関係上東京、神奈川、埼玉、千葉エリアと限らせて頂いております。譲渡後に、不妊手術を行っていただくことが条件となります。,・良好2015年7月血液検査済み2015年7月ウィルス検査陰性,・臆病で、人見知りです。,新しい飼い主様を探しております。,./img/2392/,,5,3,4,5,3,3,3
2393,マーブルくん,日本猫,オス（♂）,6歳2ヵ月（2015年07月14日登録）,5.64kg,白、黒,済,無,済,終生飼育していただける優しい飼い主さんを待っています!譲渡前の審査段階でのご自宅訪問や譲渡後のフォローなどの関係上東京、神奈川、埼玉、千葉エリアと限らせて頂いております。,・良好2015年7月血液検査済み2015年7月ウィルス検査陰性,・誰にでも甘えます。・良く寝る子で、膝の上に横になったりします。・食いしん坊です。,新しい飼い主様を探しております。,./img/2393/,,5,5,3,2,3,3,3
2397,キティーちゃん,日本猫,メス（♀）,0歳6ヵ月（2015年07月15日登録）,3.4kg,白、黒,済,無,済,終生飼育していただける優しい飼い主さんを待っています!譲渡前の審査段階でのご自宅訪問や譲渡後のフォローなどの関係上東京、神奈川、埼玉、千葉エリアと限らせて頂いております。,・良好・2015年7月混合ワクチン1回目接種・2015年7月ウィルチェック(Felv/FIV)陰性,・臆病だけど好奇心旺盛な性格・ボールなどで一人で遊ぶのが上手です。・あまり触られるのがすきではありませんが、ボールをみつけて上手に遊びます。,飼い主さんのご都合により,./img/2397/,,5,5,4,3,3,3,1
2585,きなこ,日本猫,メス（♀）,0歳4ヵ月（2015年08月03日登録）,1.5kg,キジトラ,済,有,済,よくじゃれて、指も舐めてくれるかわいい女の子です。,良好,初対面の人には警戒しますが、慣れるとよく遊びます。,ボランティアさんが保護、病院で引き取り,./img/2585/,,4,4,5,5,5,3,3
2597,北斗,日本猫,オス（♂）,0歳1.5ヵ月（2015年08月03日登録）,0.55kg,白、茶,未,無,未,室内飼育で去勢手術してくれる方。,白血病陰性,良い,当院患者様が自宅近くで保護。,./img/2597/,,3,2,3,3,4,2,2
2598,みなみ,日本猫,メス（♀）,0歳1.5ヵ月（2015年08月03日登録）,0.55kg,三毛,未,無,未,室内飼育で避妊手術をしてくれる方。,白血病陰性,良い,当院患者様が自宅近くで保護,./img/2598/,,3,2,3,3,4,2,2
2612,ユイ,日本猫,メス（♀）,0歳6ヵ月（2015年08月06日登録）,2.5kg,黒白,済,無,未,撫で撫でおねだりします。人が大好きな猫です。猫とも仲良く出来ています。,,,父島で保護されました,./img/2612/,,3,3,4,3,4,3,2
2613,カイ,日本猫,オス（♂）,0歳6ヵ月（2015年08月06日登録）,2.5kg,白黒,済,無,未,おとなしくて、ヒトも猫も好きです。なでられるのも好きです。,,,父島で保護されました。,./img/2613/,,3,5,5,5,5,3,3
2673,モカちゃん,日本猫,メス（♀）,0歳3ヵ月（2015年08月17日登録）,1.2kg,ブルートーティ,未,無,済,気立てがよく、気品のある美しい女の子です。お転婆なところもあります。辛いところを、奇跡のように姉妹で生き延びた猫なので、2頭で飼っていただけると心細くないと思われます。現在、病院内で社会化中。犬ともうまくやれます。,良好。3種混合ワクチン済、ウイルス検査FeLV(ー)FIV(ー)外部、内部寄生虫駆虫済。ノミ、ダニ予防済。シャンプー済,落ち着いた美しい子猫。姉妹の猫と一緒に眠っているところは絵画のようです。(静かに取っ組み合いもします。),母猫と5頭の子猫が、みっちりバスケットに入れられているところを、早朝に保護されて、連れてこられました。保護主さんは老犬を飼っており、お孫さんが猫アレルギーで、自宅で保護することが出来ませんでした。現在、当院で保護継続中です。,./img/2673/,,5,3,3,5,3,3,3
2674,ショコラちゃん,日本猫,メス（♀）,0歳3ヵ月（2015年08月17日登録）,1.2kg,ブルートーティ,未,有,済,モカちゃんと一緒に保護されました。落ち着いた美しい猫です。尻尾はまっすぐで長い。,良好。3種混合ワクチン済。ウイルス検査FeLV(-)FIV(-)。外部、内部寄生虫駆虫済。ノミダニ予防済。シャンプー済。,気立てがよく、落ち着いた美しい猫です。2頭で静かにとっくみあいをしています。モカちゃんと仲良しです。,母猫と5頭の子猫が、みっちりバスケットに入れられているところを、早朝に保護されて、連れてこられました。保護主さんは老犬を飼っており、お孫さんが猫アレルギーで、自宅で保護することが出来ませんでした。現在、当院で保護継続中です。,./img/2674/,,4,5,4,5,5,3,3
2675,トリュフ,日本猫,オス（♂）,0歳4ヵ月（2015年08月17日登録）,2kg,ブラック,未,有,済,里親会でかわいらしさを発揮できないでいるこわがりさんですが、慣れると、いい子です。つやつやのきれいな男の子です。黒猫をご希望の方は是非!。,良好。3種混合ワクチン、2回接種済。ウイルス検査FeLV(-)FIV(-)内部、外部寄生虫駆虫済。ノミ、ダニ予防済。シャンプー済。,こわがりなところがあります。馴れた場所で静かにみていると、かわいい黒猫です。ゆっくり馴れさせてやってください。いい子です。猫社会のルールも理解しています。,のらちゃんが生んだ子猫たちの1頭でした。保護主さんが親猫を避妊して、子猫たちの里親を探しておいでです。,./img/2675/,,4,4,3,4,5,3,3
2676,三輪くん,日本猫,オス（♂）,0歳3ヵ月（2015年08月17日登録）,1.2kg,白サバトラ,未,有,済,保護時に感染していたウイルス疾患の為、慢性化した鼻炎があります。左右の鼓膜が認められず、聴覚が確認できませんが、日常生活に支障はありません。持病にご理解のある方に里親さんになって頂けるとありがたいです。どうぞ、よろしくお願いします。,慢性鼻炎があります。右目瞬膜が露出気味です。元気食欲あります。ウイルス検査FeLV(-)FIV(-)外部、内部寄生虫駆虫済。ノミ・ダニ予防済。シャンプー済。3種混合ワクチン済。,人懐っこく、かわいらしい子猫です。抱っこが大好きです。ゴロゴロ喉を鳴らして、おなかを触って欲しがります。,犬を散歩中の保護主さんが、瀕死状態の子猫を保護しました。家族の了解が得られず、引き取りが出来ないとのことで、ずっとこちらで保護しています。,./img/2676/,,4,3,5,4,3,3,3
2782,ちゃーくん,日本猫,オス（♂）,0歳5ヵ月（2015年08月31日登録）,2kg,キジトラ,済,有,済,よく遊び、お腹をなでなですると喜びます。指をかじかじ甘噛みします。,良好,初対面の人にはビビりますが、慣れると甘えます,ボランティアさんが病院に持ち込み,./img/2782/,,5,4,3,5,4,3,3
2784,友介くん,日本猫,オス（♂）,0歳1ヵ月（2015年08月31日登録）,0.5kg,黒,未,無,未,真っ黒で、尻尾はまっすぐ、とってもイケメンです。トイレもごはんも上手で、世話がかかりません。離乳していますので、仔猫用のパウチを食べています。,ノミ・お腹の寄生虫駆除一回済み下痢なし、風邪症状なし。,とってもしっかりしている仔猫ちゃんです。大人の猫にかじりつく事もなく、上手に付き合っています!,お庭に置き去りにされてピーピー鳴いていたそうです。お母さんがきっと取りに来られなかったのだと思います。,./img/2784/,,5,3,5,5,3,3,3
2811,サビーちゃん,日本猫,メス（♀）,推定2歳（2015年09月04日登録）,2.4kg,サビ,済,有,済,終生飼育していただける優しい飼い主さんを待っています!譲渡前の審査段階でのご自宅訪問や譲渡後のフォローなどの関係上東京、神奈川、埼玉、千葉エリアと限らせて頂いております。,・良好,・とても繊細な性格です。,飼い主様のご都合により終生飼養が難しい為,./img/2811/,,4,4,4,3,4,3,3
2813,まめちゃん,日本猫,メス（♀）,0歳2ヵ月（2015年09月04日登録）,1.2kg,黒、白、茶,未,無,済,終生飼育していただける優しい飼い主さんを待っています!譲渡前の審査段階でのご自宅訪問や譲渡後のフォローなどの関係上東京、神奈川、埼玉、千葉エリアと限らせて頂いております。譲渡後、適齢期になったところで不妊手術・マイクロチップ挿入をしていただきます。,・良好・2015年ウィルス検査陰性・2015年9月混合ワクチン接種,・甘えて、愛嬌があります。・良く食べて、よく遊びますが、よく寝て、メリハリがあります。,終生飼養が可能な飼い主様を募集しております。,./img/2813/,,3,3,3,2,3,2,2
2923,にーに,日本猫,オス（♂）,推定0歳（2015年09月17日登録）,0.7kg,キジ,未,無,済,ケージの奥にいても目が合うと、必ず出てきてくれる可愛い子です。一緒に暮らすと、幸せな気持ちにさせてくれると思います。,快食快便。便検査異常なし。ワクチン1回目済み。ウィルス検査(Felv、FIV)陰性ノミ駆除済み,誰にでも懐きます。抱っこされると、喉をゴロゴロならして甘えてきます。おもちゃでも楽しく遊べます。トイレは完璧です。,飼育放棄です,./img/2923/,,5,5,5,2,4,3,2
3096,みけちゃん,日本猫,メス（♀）,0歳4ヵ月（2015年10月11日登録）,2kg,三毛,済,有,済,すりすりして、手を入れると、ぺろぺろ舐めたり、指をかじったりします。初対面の人にはちょっとびびりますが、抱っこは可能です。,良好,おっとり。時にびびり。,ボランティアさんが保護,./img/3096/,,5,3,3,5,3,3,2
3120,コネコちゃん,日本猫,オス（♂）,0歳1ヵ月（2015年10月20日登録）,0.125kg,黒,未,無,未,終生飼育していただける優しい飼い主さんを待っています!譲渡前の審査段階でのご自宅訪問や譲渡後のフォローなどの関係上東京、神奈川、埼玉、千葉エリアと限らせて頂いております。適齢期に不妊去勢手術・マイクロチップ挿入を行っていただきます。,※オス・メスまだ不明3時間おきに給餌中(1日6-7回給餌)排泄:自力排泄が少しずつでき始めている。,,お庭に来たのを現飼い主様が保護した。新しい飼い主様を探しております。,./img/3120/,,4,5,5,5,3,3,2
3128,クニちゃん,日本猫,メス（♀）,0歳6ヵ月（2015年10月22日登録）,2.3kg,白、黒、茶,未,無,済,終生飼育していただける優しい飼い主さんを待っています!譲渡前の審査段階でのご自宅訪問や譲渡後のフォローなどの関係上東京、神奈川、埼玉、千葉エリアと限らせて頂いております。,・2015年9月混合ワクチン接種・ノミダニ予防済み・不妊手術、マイクロチップ挿入予定,・神経質・男性が苦手かもしれません。,終生飼養が可能な新しい飼い主様を探しております。,./img/3128/,,5,5,5,5,3,3,3
3161,きじちゃん,日本猫,メス（♀）,0歳4ヵ月（2015年10月26日登録）,2kg,キジトラ,済,有,済,手を出すと、指をかじったり舐めたりしてくれます。ちょっとびびりですが、抱っこもできるかわいい女の子です。,良好,活発。初対面の人にはびびり。,ボランティアの方が保護。当院で引き取り、里親募集中。,./img/3161/,,4,3,3,2,4,3,3
3193,ユーちゃん,日本猫,メス（♀）,0歳6ヵ月（2015年11月02日登録）,1.5kg,サバトラ、白,未,無,済,終生飼育していただける優しい飼い主さんを待っています!譲渡前の審査段階でのご自宅訪問や譲渡後のフォローなどの関係上東京、神奈川、埼玉、千葉エリアと限らせて頂いております。適齢期に不妊手術・マイクロチップ挿入を行っていただきます。,・2015年6月混合ワクチン接種(1回目),・元気で走り回ったりしていますが、基本はおとなしい性格・ミー君と兄弟で駆け回って遊んでいる。,新しい飼い主様を探しております。,./img/3193/,,2,5,4,2,2,3,2
3226,子猫ちゃん,日本猫,メス（♀）,推定0.3歳（2015年11月06日登録）,1.35kg,三毛,未,無,未,なでるとゴロゴロ鳴き、とても人懐こい良い子の猫ちゃんです。,FIV、FeLV(-)駆虫済み,おとなしく、甘えん坊です。,捨てられていたとのこと,./img/3226/,,4,3,5,3,3,3,3
3291,しーちゃん,日本猫,オス（♂）,0歳6ヵ月（2015年11月16日登録）,2.4kg,茶と白,未,無,済,とても人懐こく、すぐに寄って来てすりすりします。,良好,人懐こい,ボランティアさんが保護、当院でお預かり中。,./img/3291/,,3,3,4,4,2,3,3
3292,ばんびちゃん,日本猫,オス（♂）,0歳6ヵ月（2015年11月16日登録）,2.6kg,黒と白,済,無,済,おとなしいですが、なでると喜びます。お腹がすくと、かわいい声で要求します。,ちょっと目やにが出ますが、他は良好です。猫エイズ・白血病陰性、駆虫薬済(ブロードライン),おとなしめ,ボランティアさんが保護、当院で預かり中。,./img/3292/,,3,5,4,3,3,3,3
3293,さっちゃん,日本猫,メス（♀）,0歳6ヵ月（2015年11月16日登録）,2.5kg,黒、すこし白,済,無,済,いたずら好き、遊んでほしいと要求します。,良好。避妊手術済、ワクチン2回済、駆虫済(ブロードライン)、猫エイズ・白血病陰性,いたずらっ子,ボランティアさんが保護、当院で預かり中,./img/3293/,,3,3,4,5,3,4,3
3294,きこちゃん,日本猫,メス（♀）,0歳6ヵ月（2015年11月16日登録）,2.2kg,肌色、グレー,未,無,済,顔は嫌いですが、お腹や腰は撫でると喜びます。指をかじかじします。,左眼にすこし目やにがありますが、おおむね良好,ひかえめ,ボランティアさんが保護、当院で預かり中,./img/3294/,,5,5,5,4,3,3,3
3295,らみちゃん,日本猫,メス（♀）,0歳6ヵ月（2015年11月16日登録）,2kg,キジトラ,未,無,済,最初は怒っていましたが、慣れてきたらすりすり、ゴロゴロになりました。犬は苦手のようです。,すこし目やにがありますが、あとは良好,つんでれ,ボランティアさんが保護、当院で預かり中,./img/3295/,,3,3,3,5,4,3,3
3383,C-49ミル,日本猫,メス（♀）,推定2歳（2015年11月27日登録）,3kg,キジトラ,済,有,済,いい子です。写真右の子です。,良好,いい子です,鳥取県の保健所,./img/3383/,,4,4,5,5,5,3,3
3403,コトラくん,日本猫,オス（♂）,0歳2ヵ月（2015年11月30日登録）,1kg,茶トラ,未,無,済,野良猫お母さんとはぐれてしまったコトラくんです。しっかりした体格なので、大きい子になると思います!,猫白血病ウイルス感染症陰性猫エイズ陰性お腹の寄生虫駆除一回済み三種混合ワクチン1回済み風邪症状もなく、とても元気です。,人に慣れていて、とても可愛い男の子です。遊ぶのが大好きです。人の手をかんだりして遊ぶことはありません。,野良猫のお母さんが庭で産んで、どこかに移動する際にはぐれてしまったようです。,./img/3403/,,5,5,4,5,4,3,3
3421,おっくん,日本猫,オス（♂）,推定5歳（2015年12月17日登録）,5.75kg,茶トラ,未,有,済,ワクチン接種済み。譲渡時にマイクロチップ挿入します。ちょっとシャイですが、本当は人が好きな甘えん坊です。,,,平成27年4月に仙台市内で保護されました。,./img/3421/,,5,5,5,5,4,3,3
3422,さざえ,日本猫,メス（♀）,推定5歳（2015年12月17日登録）,3.4kg,サビ,未,有,済,ワクチン接種済み、譲渡時にマイクロチップ挿入します。エキゾチックな顔つきとはうらはらに甘えん坊です。,FIV陽性ですが発症はしておりません。,,平成27年6月に仙台市内で保護されました。,./img/3422/,,3,3,5,3,2,3,3
3423,さぶ,日本猫,オス（♂）,推定5歳（2015年12月17日登録）,6kg,白黒,済,有,済,ワクチン接種、不妊手術済み。譲渡時にマイクロチップ装着します。体格も性格も大らかな癒し系の男の子です。,,,平成27年6月に仙台市内で保護されました。,./img/3423/,,4,5,3,4,3,3,3
3424,たぬき,日本猫,オス（♂）,推定1歳（2015年12月17日登録）,3.6kg,キジ白,済,有,済,ワクチン接種済み。譲渡時にマイクロチップ挿入します。タヌキのようなチャーミングな男の子。まだ若いと思われます。,FIV陽性ですが発症はしておりません。,,平成27年9月に仙台市内で保護されました。,./img/3424/,,4,5,4,4,4,3,3
3425,ちぢみ,日本猫,メス（♀）,推定5歳（2015年12月17日登録）,3.3kg,キジトラ,済,有,済,ワクチン接種、不妊手術済み。譲渡時にマイクロチップ装着します。人見知りな女の子ですが、母性が強く、丸い顔と目がかわいらしいです。ゆっくり時間をかけて馴らしてくれる飼い主さん募集中。,,,平成26年5月に子猫と一緒に保護されました。立派に子育てをし、子猫たちは新しいご家族が見つかり、次はお母さんが幸せになる番です。が、シャイな性格のため1年以上も良いご縁を待っている状態です。,./img/3425/,,4,5,3,3,3,3,3
3462,ジェロ君,日本猫,オス（♂）,0歳9ヵ月（2016年02月19日登録）,4.17kg,茶トラ,済,無,済,終生飼育していただける優しい飼い主さんを待っています!譲渡前の審査段階でのご自宅訪問や譲渡後のフォローなどの関係上東京、神奈川、埼玉、千葉エリアと限らせて頂いております。,・良好・2016年2月混合ワクチン接種・2016年ウィルス検査陰性,・とてもおしゃべりな男の子です。・気分がいいとすり寄ってきます。甘えん坊。・嫌な時はいや!とはっきりとした意思表示があります。・抱っこはあまり好きではありませんが、させてくれます。,ご家族の体調不良により新しい飼い主様を探しております。,./img/3462/,,5,4,5,5,5,3,3
3536,仮名茶トラ,日本猫,メス（♀）,0歳1ヵ月（2016年05月27日登録）,0.38kg,茶トラ,未,無,未,可愛くて、元気いっぱいです。,ご飯もいっぱい食べて健康です。糞便の検査も問題なかったです。耳の中、口の中も以上ないです。ノミ・フィラリア・ミミダニ・回虫の予防はしています。,,飼い主さんがお庭で保護されました。,./img/3536/,,4,5,5,3,5,3,3
3537,仮名サバトラ,日本猫,オス（♂）,0歳1ヵ月（2016年05月27日登録）,0.48kg,サバトラ,未,無,未,可愛くて、元気いっぱいです。,ご飯も食べて健康です。糞便の検査も問題なかったです。耳の中、口の中も以上ないです。ノミ・フィラリア・ミミダニ・回虫の予防はしています。,,飼い主さんがお庭で保護されました。,./img/3537/,,4,5,5,5,4,3,3
3538,仮名クロ,日本猫,オス（♂）,0歳1ヵ月（2016年05月27日登録）,0.43kg,黒,未,無,未,可愛くて、元気いっぱいです!!,ご飯も食べて健康です。糞便の検査も問題なかったです。耳の中、口の中も以上ないです。ノミ・フィラリア・ミミダニ・回虫の予防はしています。,,飼い主さんがお庭で保護されました。,./img/3538/,,5,5,5,5,5,3,3
3539,仮名ブチ,日本猫,オス（♂）,0歳1ヵ月（2016年05月27日登録）,0.44kg,白、グレー,未,無,未,可愛くて、元気いっぱいです。,ご飯も食べて健康です。糞便の検査も問題なかったです。耳の中、口の中も以上ないです。ノミ・フィラリア・ミミダニ・回虫の予防はしています。,,飼い主さんがお庭で保護されました。,./img/3539/,,5,5,5,5,5,3,3
3560,けいと,日本猫,オス（♂）,推定1?3歳（2016年06月08日登録）,3kg,白茶,済,無,済,少し長めの毛です。食欲旺盛です!,良好。FIV陽性,とても穏やかですが、元野良猫なので少し警戒心が強いです。,交通事故にあったところを保護され、当院にて手術を行いました。現在は怪我の影響もなく元気です。,./img/3560/,,3,4,4,5,4,3,3
3573,ねこちゃん,日本猫,オス（♂）,0歳1.5ヵ月（2016年06月15日登録）,0.7kg,黒白,未,無,未,末長く可愛がってくださいね。,良好,,生後2?3週の時に感染症に罹患した状態で一般の方が保護、飼養。保護した方は長期飼育が不可の環境のため、里親さんを募集する次第です。,./img/3573/,,5,5,5,5,4,3,3
3602,はやしくん,日本猫,オス（♂）,0歳1ヵ月（2016年07月11日登録）,0.56kg,茶白,未,無,未,庭にぽつんといたそうです。人に慣れているので新しいおうちでもすぐなじんでしまうでしょう。,,,当院の患者さんが保護されました。,,,,,,,,,
3609,チャア,日本猫,オス（♂）,0歳1ヵ月（2016年07月13日登録）,0.25kg,茶トラ,未,無,未,きょうだいで飼っていただけると嬉しいです。お皿から食べる練習中。哺乳瓶でミルク飲めます。,,,雨の中ないているところを保護。生まれてすぐのようで保護した方がミルクをあげてみたが飲めず来院。保護した方はすでに猫ちゃん飼育のため里親希望です。,./img/3609/,,2,3,4,3,3,3,3
3610,しらゆき,日本猫,メス（♀）,0歳1ヵ月（2016年07月13日登録）,0.2kg,白,未,無,未,きょうだいで飼っていただけると嬉しいです。,,,雨の中生まれてすぐのようでないているところを保護。動物病院で育ちました。,./img/3610/,,2,3,4,3,3,3,3
3621,べー,日本猫,オス（♂）,0歳6ヵ月（2016年07月25日登録）,2.5kg,キジ白,済,有,済,初めての人にはシャーっといいますが、スタッフには、ひもやおもちゃで遊ぶ姿を見せてくれます。,良好,臆病,ボランティアが保護,./img/3621/,,3,3,4,3,3,3,3
3629,アン,日本猫,メス（♀）,0歳4ヵ月（2016年07月30日登録）,1.8kg,キジトラ黄色,未,有,済,やんちゃでとっても元気な女の子です。,現在体調に問題なし。予防接種2回済み、ノミ・ダニ・虫下し投与済み,やんちゃ、活発、嫌なことをしない限り怒ることはない,現在の飼い主様が体調不良により飼育できなくなったため,./img/3629/,,5,5,4,5,5,3,3
3633,のらくろくん,日本猫,オス（♂）,推定5歳（2016年08月05日登録）,3.8kg,白黒,未,無,済,慣れると人懐っこく、かわいい顔で見つめてきます。去勢手術に関しては無料でさせていただきます。,元気もあり、食欲旺盛です。,,交通事故により瀕死の状態で保護され、当院にて治療し今に至ります。左前足の麻痺はありますが、トイレもちゃんとでき、ジャンプもできるようになりました。,./img/3633/,,4,5,3,5,4,3,3
3634,ののくん,日本猫,オス（♂）,0歳3ヵ月（2016年08月05日登録）,1.5kg,きじ,未,無,済,診察台の上では興味津々でよく動いていましたが、処置が始まると大人しくしてくれて協力的ないい子でした。来月に、3回目のワクチン接種予定です。写真は2ヶ月齢の時です!,,とても人懐っこい子猫です。,道で拾う,./img/3634/,,4,5,4,5,4,3,3
3642,ロールくん,日本猫,オス（♂）,0歳4ヵ月（2016年08月13日登録）,2kg,茶トラ,未,無,済,とっても元気で明るい茶トラくんです!!現在は保護主様の自宅にて仮住まい中です。,良好,明るく元気いっぱいに走り回っています。,駐車場の車の車体内部に侵入しているところを目撃され、エンジンに巻き込まれるなどの危険性があったため保護されたそうです。,./img/3642/,,5,3,3,5,2,3,3
3646,ルビー,日本猫,メス（♀）,0歳4ヵ月（2016年08月20日登録）,1.7kg,キジトラ,済,無,済,けっこう慣れています。一応抱っこもできます。,良好,比較的温厚,ボランティアさんが保護。当院で預かり中。,./img/3646/,,4,3,3,5,4,3,3
3647,ダイヤ,日本猫,メス（♀）,0歳4ヵ月（2016年08月20日登録）,1.5kg,キジトラ,済,無,済,びびりです。一応触って撫でたりはできますが、抱っこはまだ厳しいです。柄はアメショっぽく、ちょっとタビーできれいです。,良好,臆病さん,ボランティアが保護、当院で預かり中。,./img/3647/,,5,5,3,5,5,3,3
3648,ミケちゃん,日本猫,メス（♀）,0歳3ヵ月（2016年08月24日登録）,1.6kg,三毛,未,無,済,とても懐っこくて遊ぶのが大好きです。さわってもらうのも大好きです。思い切り触れあいたい方にオススメです!完全室内飼で終生可愛がっていただける方を希望します。,猫エイズ・白血病検査(陰性)ブロードラインにて内・外部寄生虫駆虫済み右眼、瞳孔膜遺残により角膜の一部に白濁あり。視力に影響なし。,,道端にいたところを当院スタッフが保護,./img/3648/,,4,4,4,5,5,3,3
3649,ちびた君,日本猫,オス（♂）,0歳1ヵ月（2016年08月24日登録）,0.59kg,白、黒,未,無,未,終生飼育していただける優しい飼い主さんを待っています!譲渡前の審査段階でのご自宅訪問や譲渡後のフォローなどの関係上東京、神奈川、埼玉、千葉エリアと限らせて頂いております。譲渡後、適齢期になった時点で、去勢手術・マイクロチップ挿入をしていただきます。,・良好一回目のワクチンを今後行う予定,・甘えん坊で、物おじしない性格・元気いっぱいでやんちゃです。,親猫から育児放棄されたのを保護した。,./img/3649/,,5,4,5,3,5,3,3
3650,白黒猫ちゃん,日本猫,メス（♀）,0歳3ヵ月（2016年08月26日登録）,1.15kg,白黒,未,無,済,猫エイズ(-)、猫白血病(-)ノミ・マダニ駆除済みフィラリア症予防実施,,明るく、人に良く慣れています,ご近所で発見し、保護。,./img/3650/,,3,3,5,4,5,3,3
3655,ムムちゃん,日本猫,メス（♀）,0歳3ヵ月（2016年08月31日登録）,1.1kg,キジトラ,未,無,未,終生飼育していただける優しい飼い主さんを待っています!譲渡前の審査段階でのご自宅訪問や譲渡後のフォローなどの関係上東京、神奈川、埼玉、千葉エリアと限らせて頂いております。譲渡後に去勢手術・マイクロチップ挿入を行っていただきます。,2016年7月FIV/Felv検査陰性2016年7月混合ワクチン接種1回目内部・外部寄生虫駆虫薬投薬済み,・誰にでも抱っこさせてくれる甘えん坊です。・好奇心旺盛で活発,飼い主様のご都合により、新しい飼い主様探しをしています。,./img/3655/,,5,4,3,3,4,3,2
3660,とらちゃん,日本猫,オス（♂）,0歳3ヵ月（2016年09月06日登録）,1.35kg,キジトラ白,未,無,済,白血病陰性猫エイズ陰性3種混合注射済ブロードラインにて外部寄生虫内部寄生虫フィラリア予防済室内飼い、去勢手術をして大切に生涯責任を持って飼ってくださる方募集,発育は良く健康状態に問題なし,人に触られるとゴロゴロ喉を鳴らしてかなり友好的です。ワクチン接種時も無抵抗におとなしくやらせてくれました。,8月28日頃母ネコが死亡して1匹でいるところを9月3日に保護された。,./img/3660/,,5,3,2,5,5,3,3
3661,さくたろう,日本猫,オス（♂）,0歳3ヵ月（2016年09月06日登録）,1.5kg,白黒,未,無,済,とっても元気で人が大好きです。排泄もトイレでしっかりできます。適切な医療を受けさせ、終生大切に飼育してくれる方を希望します。,一般状態は良好です。,やんちゃなところもあり、とにかく元気いっぱいです。ご飯もよく食べます。寝てるときもかわいいです。,当院周辺で保護されました。一般的な健診を済ませ、ワクチン接種・ノミ予防を行いました。,./img/3661/,,5,5,5,5,5,3,3
3666,三毛ちゃん,日本猫,メス（♀）,0歳8ヵ月（2016年09月13日登録）,0.2kg,三毛,未,無,未,神奈川のKさんからお問い合わせをいただいています。大事に保育中。,良好,赤ちゃんとして完璧のかわいらしさ。寝たり起きたり寝たり。,1匹だけで、夜中泣いていたところを朝になって保護されました。犬を亡くして、ペットロスでおいでの方でしたが、まだ飼う気にはとてもなれないとご相談にみえました。,./img/3666/,,1,3,2,4,2,3,3
3686,チャー,日本猫,オス（♂）,0歳2ヵ月（2016年10月07日登録）,0.85kg,茶トラ・白,未,無,済,完全室内飼いができる方去勢手術してくださる方追加ワクチン接種してくださる方。以上のことができる方で里親さんを募集しています。,良好。1回目ワクチン済。エイズ・白血病ともに陰性です。,人が好きで、とっても可愛らしい性格です。,家に迷い込んできた。,./img/3686/,,5,5,4,4,3,3,3
3687,名なしちゃん,日本猫,メス（♀）,0歳6ヵ月（2016年10月08日登録）,1.76kg,キジトラ・白,未,無,済,避妊手術、室内飼育、追加のワクチンをしてくださる方、生涯家族として迎えてくださる飼い主さんで早急に募集中です!,良好。エイズ・白血病ともに陰性。虫下し、初回ワクチン済,堂々としていて人馴れしています。どこでも慣れてしまうような可愛いらしい子です。,自宅付近に突然居た,./img/3687/,,4,3,3,3,5,3,3
3688,キジトラ,日本猫,オス（♂）,0歳2ヵ月（2016年10月10日登録）,0.98kg,キジトラ,未,無,未,人に慣れる練習中です。抱っこされるとおとなしいです。,駆虫済み。健康です。,,患者さんの家で保護されました。,./img/3688/,,5,5,4,3,5,3,3
3690,しずく,日本猫,オス（♂）,0歳4ヵ月（2016年10月11日登録）,1.5kg,きじ,未,無,済,臆病で寂しがり屋の泣き虫です。兄弟と一緒に育った為、猫が大好きです。ですので、相性もあるかと思いますが、年の近い先住猫ちゃんのいるお家や猫を飼ったことのある方のお家が適していると思います。現在は、4兄弟のうち、3頭の新しいお家が決まり、しずくくんだけ残ってしまいました。。。とても愛嬌のあるいい子です。ご連絡お待ちしています。,良好です。エイズ・白血病陰性です。駆虫等も済んでいます。近日、去勢手術を行う予定です。,臆病で泣き虫です。,母親が交通事故で死んでしまい、4兄弟で鳴いていたところを保護されました。,./img/3690/,,5,4,3,3,4,3,2
3694,ゼブラ,日本猫,オス（♂）,0歳3ヵ月（2016年10月13日登録）,1.2kg,白黒,未,有,済,10/13に保護したばかりの子です。よろしければ去勢手術は当院負担で実施いたします。,血液スクリーニング検査では特に異常なし。猫エイズ/白血病ウイルス、いずれも陰性です。,とても人懐っこく、初対面の人でも抱っこさせてくれます。,当院の前に遺棄されていたところを保護,./img/3694/,,5,5,4,5,5,3,3
3695,パンダ,日本猫,メス（♀）,0歳3ヵ月（2016年10月13日登録）,1.6kg,黒白,未,無,済,よろしければ当院負担で避妊手術させていただきます。,血液スクリーニング検査では特に異常なし。猫エイズ/白血病ウイルス、いずれも陰性です。,とても人懐っこく、初対面の人でも抱っこさせてくれます。,当院の前に遺棄してあるところを保護,./img/3695/,,5,5,5,5,5,3,3
3696,クロ,日本猫,オス（♂）,0歳1ヵ月（2016年10月13日登録）,0.3kg,黒の強いサバトラ?,未,無,未,生後3日ほどで保護した子です。現在離乳食も食べられるようになり、食欲旺盛です。,元気・食欲・排便・排尿、良好。,ボーっとしていますが、やや人見知りになるかもしれません。,生後3日ほどで保護,./img/3696/,,4,5,5,5,4,3,3
3697,トラ,日本猫,メス（♀）,0歳1ヵ月（2016年10月13日登録）,0.3kg,サビ柄,未,無,未,生後3日ほどで保護した子です。現在離乳食も食べられるようになり、食欲とっても旺盛で、元気です。,元気・食欲・排便・排尿、良好。,活発でやんちゃな子です。,元気・食欲・排便・排尿、良好。,./img/3697/,,4,4,5,5,4,2,3
3706,みけちゃん,日本猫,メス（♀）,0歳6ヵ月（2016年10月25日登録）,2.5kg,三毛,済,有,済,野良出身ですが、だいぶ人に慣れています。,良好,温和,当院の患者さんの庭に迷い込んで来て、保護。,./img/3706/,,5,5,4,4,5,3,3
3707,きじとらくん,日本猫,オス（♂）,0歳6ヵ月（2016年10月25日登録）,3.1kg,キジトラ,済,有,済,かなりびびりですが、おもちゃで遊んだりします。,良好,臆病、びびり,ボランティアさんが保護,./img/3707/,,5,4,3,5,5,3,3
3708,ムーミン,日本猫,メス（♀）,0歳4ヵ月（2016年10月26日登録）,1.8kg,キジ,未,無,済,とてもお利口さんで、遊ぶことが大好きな猫ちゃんです。,すこし左目から涙がでますが、拭いてあげると喜びます。,とても人懐っこく元気いっぱいの女の子です。,ご高齢の飼主さんが入院をしたため、飼うことができなくなりました。,./img/3708/,,5,5,3,5,5,3,3
3712,可愛いこちゃん,日本猫,メス（♀）,0歳3ヵ月（2016年10月31日登録）,1.8kg,茶トラ,未,無,済,生涯大切に飼ってくださる方。室内飼育で追加ワクチン、避妊手術もしてくださる方を希望致します。どうぞ宜しくお願い致します。,良好。猫エイズ・猫白血病ともに陰性。虫下し済。一回目3種ワクチン済。,だいぶ慣れてきましたが、人に慣れる練習中です。攻撃性はなさそうですが、ちょっとびっくりしてしまいます。,外にいた所保護したそうです。,./img/3712/,,5,3,2,5,5,3,3
3744,だぁ,日本猫,オス（♂）,0歳7ヵ月（2016年12月10日登録）,3kg,黒,済,無,済,3兄弟で保護されたため、猫同士も仲良くできそうです。3種混合ワクチン済みノミ・マダニ駆除済みフィラリア予防済み猫エイズ(-)/猫白血病(-),良好です,甘えん坊で活発。おしゃべりさん。,仔猫さんを保護。,./img/3744/,,3,3,3,5,4,3,3
3745,びぃ,日本猫,メス（♀）,0歳7ヵ月（2016年12月10日登録）,2.8kg,サビ,済,無,済,3兄弟で保護されたため、猫同士も仲良くできそうです。3種混合ワクチン済みノミ・マダニ駆除済みフィラリア予防済み猫エイズ(-)/猫白血病(-),,活発でテレビやおもちゃが大好き,仔猫の段階で保護されました,./img/3745/,,5,4,3,5,4,3,3
3746,ぐぅ,日本猫,メス（♀）,0歳7ヵ月（2016年12月10日登録）,2.5kg,黒,済,無,済,3兄弟で保護されたため、猫同士も仲良くできそうです。3種混合ワクチン済みノミ・マダニ駆除済みフィラリア予防済み猫エイズ(-)/猫白血病(-),,,仔猫3兄弟で保護されました。,./img/3746/,,5,3,3,5,5,3,3
3748,はっちゃん,日本猫,オス（♂）,0歳3ヵ月（2016年12月13日登録）,1.3kg,白黒,未,無,済,兄弟そろって元気一杯。大変仲良しなので、二匹一緒に引き取って頂けるお家を希望します。愛情をもって、終生完全屋内飼育してくださること。去勢手術を受けさせることがお引き取りの条件です。先住猫さんのいないお家を希望します。(優しい里親さんが兄弟で引き取って下さったのでしたが、先住猫が体調を崩してしまったので、戻された経緯があります。)犬とも仲良く暮らすことが出来ます。当院で去勢手術をご希望の場合は、手術費用を半額にさせていただきます。,良好。FeLV(-)FIV(-)。,健やか、天真爛漫、怖いもの知らず。二匹の行動を見ていると、思わず笑わずにいられません。くっついて眠っている時は天使のようです。,空き家で子猫が鳴いているとの事で、へその緒がついた子猫5匹、近所の方が連れて見えたのですが、そのまま、置いていかれたままになってしまいました。,./img/3748/,,4,3,3,2,5,3,3
3749,サッカー,日本猫,オス（♂）,0歳3ヵ月（2016年12月13日登録）,1.3kg,白黒,未,無,済,兄弟そろって元気一杯。大変仲良しなので、二匹一緒に引き取って頂けるお家を希望します。愛情をもって、終生完全屋内飼育してくださること。去勢手術を受けさせることがお引き取りの条件です。先住猫さんのいないお家を希望します。(優しい里親さんが兄弟で引き取って下さったのでしたが、先住猫が体調を崩してしまったので、戻された経緯があります。)犬とも仲良く暮らすことが出来ます。,良好。,健やか、天真爛漫、怖いもの知らず。二匹の行動を見ていると、思わず笑わずにいられません。くっついて眠っている時は天使のようです。,空き家で子猫が鳴いているとの事で、へその緒がついた子猫5匹、近所の方が連れて見えたのですが、そのまま、置いていかれたままになってしまいました。,./img/3749/,,4,4,3,2,5,3,3
3750,キャラメル,日本猫,メス（♀）,0歳2ヵ月（2016年12月13日登録）,1kg,茶トラ,未,無,済,保護主さんから里親募集を相談されました。健康診断、外部、内部駆虫済み。3種混合ワクチン済。終生、愛情をもって屋内飼育をしてくださること。避妊手術を受けさせること。が譲渡の条件です。当院で手術をご希望の場合は、手術費用を半額にさせていただきます。,良好FeLV(-)FIV(-)。,穏やかで。愛されて育っています。,家人が入院中に、家に居ついていたそうです。たった一匹でいたそうで、かわいそうでエサを与えてしまったのです。と言っておいででした。自宅にはすでに猫が数匹いるので、里親さんをさがしてやりたいとのことです。,./img/3750/,,3,5,5,5,3,3,3
3770,ちびクロちゃん,日本猫,オス（♂）,0歳2ヵ月（2017年01月06日登録）,0.9kg,黒,未,無,未,近いうちワクチン予定です。,良好,とても良い。どこでも触れる。もう一頭載せてますドラミちゃんと大の仲良しです。まるで兄弟のよう。,突然現れた。,./img/3770/,,5,3,5,5,5,3,3
3795,みぞれ,日本猫,オス（♂）,推定7歳（2017年01月31日登録）,4.56kg,キジトラ,済,有,済,とても人懐っこい性格で、誰に対してもスリスリしてくれます。今の時期、日向ぼっこが大好きで、お日様の当たるところにすぐ行ってゴロゴロしています。,2017.1.20の健康診断実施。特に大きな異常値はありません。,人に対してはとてもフレンドリーです。ただ、人以外の動物に対しては警戒心が強く、ストレスに弱いところがります。(爪切りなど何かされることに対してはすごく警戒します。),リードをつけられたまま、駐車場に置き去りにされていたところを保護されました。先住猫さんがいるお家に保護されましたが、先住のコとなじめずストレスで昼夜鳴き回るような状態になりました。苦肉の策で、当院で声帯除去手術を行いましたがやはり同居は難しく、当院にて保護となりました。,./img/3795/,,5,5,5,4,5,3,4
3857,みけこ,日本猫,メス（♀）,推定1歳（2017年03月24日登録）,2.8kg,白黒茶,未,有,済,とても人馴れしています。すぐに家族の一員になれると思います。,,,平成29年3月、仙台市内でキャリーバックに入れられて置かれているところを保護されました。,./img/3857/,,5,5,3,5,5,3,3
3865,ネコちゃん,日本猫,メス（♀）,推定1歳（2017年04月03日登録）,3kg,茶白,済,無,未,毛並みも良く、人馴れしています。よろしくお願いいたします。,特に問題なし。,とても人懐っこいそうです。,河川敷に住み着いている所を釣り人が発見。有志の方々が管理しています。,./img/3865/,,5,3,2,3,4,3,4
3882,ノンノくん17-2-C3,日本猫,オス（♂）,推定6-7歳（2017年05月02日登録）,3.2kg,白キジ,済,無,済,終生飼育していただける優しい飼い主さんを待っています!※譲渡前の審査段階でのご自宅訪問や譲渡後のフォローなどの関係上東京、神奈川、埼玉、千葉エリアと限らせて頂いております。詳しくは、「必ずお読みください」をご覧ください。,・2016年7月混合ワクチン接種(近日中に接種予定)・2017年4月血液検査問題なし・2017年4月Felv/FIV検査陰性歯周病の為、奥歯を抜歯。,・お腹やお尻を触られるのは好きです。・食欲旺盛!!・野良猫出身なので、初対面の人に対して警戒心があります。♪預かりボランティア様からの一言♪慣れてくるとお膝の上までのぼってきて撫でてと甘えてきます♪最近はあまりテレビの鳥や猫に反応を示さなくなりましたが前はテレビにかぶりついてました。とても可愛いです。動物病院などに連れて行くのが大変ですが、おトイレもしっかりできて、賢いこです!,臨海部の都立公園にいた野良猫ちゃんです。公園内で行方不明や不審死が続いたため、緊急保護をしました。新しい飼い主を探しております。猫ちゃんのペースに合わせて、時間をかけてゆっくり対応してくださる方を募集しております。,./img/3882/,,4,5,4,5,3,3,3
3890,楓(とテツ),日本猫,メス（♀）,2歳1ヵ月（2017年05月12日登録）,4.5kg,黒,済,無,済,まだ若く、健康な2頭です。混合ワクチン、外部内部寄生虫駆虫済、FeLV(-)FIV(-)。終生愛情深く飼育してくださるご家族に里子に出したいと希望します。完全室内飼育、ワクチンをおねがいします。,完全室内飼育でした、健康状態は良好です。,2頭仲良し。まだ若いので、活発です,姉弟の黒猫ペアで里子に出ていました。里親さんが結婚することになって、パートナーと同居を始めたところ、お相手の方の猫アレルギーが発覚しました。かわいがられていたのですが、今後の事を考えてボランティアさんの家に戻されることになりました。仲良し姉弟なので、2頭一緒に引き取って下さる方を希望します。,./img/3890/,,4,3,5,3,5,3,3
3891,テツ(と楓),日本猫,オス（♂）,2歳1ヵ月（2017年05月12日登録）,5kg,黒,済,無,済,黒猫、楓のページをご覧ください,黒猫、楓のページをご覧ください。,黒猫、楓のページをご覧ください。,黒猫、楓のページをご覧ください。,./img/3891/,,3,3,3,3,5,3,3
3906,ミケ,日本猫,メス（♀）,0歳6ヵ月（2017年06月05日登録）,2.46kg,三毛,済,無,済,完全室内飼いで予防をきちんとしていただける方で、動物を飼える住宅環境、今後生涯大切にしていただける年齢のかたを募集します,良好FelV(-)FIV(-),マイペースなところがあるのですが、攻撃性はなく愛嬌があり、手がかからないコです。,病院の前に捨てられた(5月15日),./img/3906/,,5,5,5,3,5,3,3
3929,キジトラちゃん,日本猫,メス（♀）,0歳1.5ヵ月（2017年06月17日登録）,0.62kg,キジトラ,未,無,未,保護した当初はヒトを怖がっていましたがすぐに慣れて保護の翌日にはゴロゴロスリスリ、コロンと転がってお腹を撫でて!とアピールしていました。とても性格の良い子です。他の猫とも仲良くできます。トイレしつけ済み。,体内寄生虫駆除済み。猫エイズ、白血病ともに陰性です。食欲元気あり、近日ワクチン接種予定です。,美少女な見た目とうらはらに、結構おてんばさんです。物怖じしません。大人猫のシッポで遊ぶのが大好きです。,車の下に入り込んで大きな声で鳴いていました。なかなか出てきてくれませんでしたが、大人猫を近づけると誘われたのか出てきてくれました。,./img/3929/,,5,5,5,5,5,3,3
3935,696,日本猫,オス（♂）,0歳8ヵ月（2017年06月28日登録）,3kg,キジ白,済,有,済,事故の影響で下半身に障害が残り、排泄の感覚がないためトイレで排泄することができません。排泄以外は日常生活に問題なく生活しています。非常に友好的で、穏やかです。現在、動物病院にお預かりいただいています。,,,昨年12月、交通事故に遭い保護されました。,./img/3935/,,5,5,4,5,5,3,3
3943,子猫36,日本猫,メス（♀）,0歳3ヵ月（2017年07月11日登録）,1.2kg,茶黒(サビ),未,無,済,長引いた風邪のために、左目がやや閉じ気味で鼻づまりも残りますが、ボランティアさん宅で、とても元気で明るい子に育てていただきました。一緒に暮らす猫たちとも積極的に遊んでいます。,,,平成29年4月、仙台市内で保護されました。,./img/3943/,,5,5,5,5,3,3,3
3945,子猫90,日本猫,オス（♂）,0歳3ヵ月（2017年07月11日登録）,1.5kg,白薄黒,済,有,済,たくさんの兄弟と共に育ちました。活発ですが、上品な雰囲気です。ゴロゴロ喉を鳴らして抱っこされます。,,,平成29年5月、仙台市内で保護されました。,./img/3945/,,5,5,3,5,5,3,3
3946,子猫151,日本猫,オス（♂）,0歳3ヵ月（2017年07月11日登録）,1.2kg,黒(薄い縞入り),済,有,済,初めは少し恥ずかしがり屋な印象を受けますが、活動的な子です。鼻先と耳がスッと伸びて利口な顔つきをしています。人馴れバッチリです。,,,平成29年5月、仙台市内で保護されました。,./img/3946/,,5,5,5,5,5,3,3
3947,子猫154,日本猫,オス（♂）,0歳3ヵ月（2017年07月11日登録）,1.2kg,黒白,済,有,済,大きな耳が特徴です。細身な体格ですが順調に体重は増え、やんちゃに走り回っています。人に良く馴れていますが、抱っこされるよりは遊びたいようです。,,,平成29年5月、仙台市内で保護されました。,./img/3947/,,5,5,4,4,5,3,3
3948,子猫160,日本猫,オス（♂）,0歳3ヵ月（2017年07月11日登録）,1.2kg,白黒,済,有,済,順調に育ちました。丸くて幼い雰囲気の体つきです。同じくらいの日齢の子猫と活発に遊んでいます。現在ボランティアさんが預かってくれています。,,,平成29年6月、仙台市内で保護されました。,./img/3948/,,4,5,5,5,5,3,3
3954,クロ,日本猫,オス（♂）,0歳1ヵ月（2017年07月14日登録）,0.66kg,黒,未,無,未,良く食べ元気いっぱいな可愛い子です!,良好,人懐っこい,ミルクボランティアにより愛護センターから当院へ,./img/3954/,,4,3,5,5,4,3,3
3955,トラ,日本猫,オス（♂）,0歳1ヵ月（2017年07月14日登録）,0.54kg,キジトラ,未,無,未,良く食べ元気いっぱいな可愛い子です!,良好,人懐っこい,ミルクボランティアにより愛護センターから当院へ,./img/3955/,,,,,,,,
3968,子猫172,日本猫,メス（♀）,0歳5ヵ月（2017年07月26日登録）,1kg,三毛,済,有,済,うまく排便することができず便秘になるため、現在便を柔らかくする飲み薬と、排便を助ける処方食をあげています。体重は順調に増えています。無邪気でとてもかわいらしい子ですので、どうぞよろしくお願いします。詳細はお問い合わせください。,,,平成29年6月、仙台市内で保護されました。,./img/3968/,,5,5,4,5,5,3,3
3971,子猫189,日本猫,オス（♂）,0歳3ヵ月（2017年07月26日登録）,1.5kg,茶白,済,有,済,ボランティアさん宅で同居子猫たちと活発に遊びまわっています。やや慎重派ですが、環境にはすぐに馴れます。優しい子です。,,,平成29年6月、仙台市内で保護されました。,./img/3971/,,5,5,5,5,5,3,3
3973,子猫209,日本猫,オス（♂）,0歳2ヵ月（2017年07月26日登録）,0.8kg,白キジ,未,無,済,ボランティアさんのお宅ですくすく成長中です。キジ白くんは遊び好きで、寂しいとミャーミャー鳴いて誘います。初めて見るおもちゃにはとびあがるほど驚きますが、すぐに慣れて遊びます。,,,平成29年6月、仙台市内で保護されました。,./img/3973/,,5,5,3,5,5,3,1
3974,子猫213,日本猫,メス（♀）,0歳2ヵ月（2017年07月26日登録）,0.8kg,三毛,未,無,済,ボランティアさんのお宅ですくすく成長中です。ちょっと恥ずかしがり屋で慣れるまで時間はかかりますが、控えめに遊ぶ姿はとても可愛いです。静かですが、遊んで欲しい時に鳴くようになりました。,,,平成29年6月、仙台市内で保護されました。,./img/3974/,,3,5,3,5,5,2,2
3976,子猫219,日本猫,オス（♂）,0歳2ヵ月（2017年07月26日登録）,0.9kg,白黒,未,無,済,保護当時は怖がりうずくまっていましたが、今では社会性も身に付き、行動的な子になりました。,,,平成29年6月、仙台市内で保護されました。,./img/3976/,,5,5,5,5,5,3,3
3978,子猫229,日本猫,オス（♂）,0歳3ヵ月（2017年07月26日登録）,1.3kg,白黒,済,有,済,好奇心旺盛で元気いっぱいです。子猫同士の社会性も身に付き、人馴れもバッチリです。,,,平成29年6月、仙台市内で保護されました。,./img/3978/,,5,5,3,5,5,3,3
3995,うしちゃん,日本猫,メス（♀）,0歳4ヵ月（2017年08月19日登録）,2kg,白・黒,未,無,済,室内飼い、避妊手術、毎年の予防をきちんとやってくださる方希望,猫エイズ、白血病陰性。3種ワクチン済発育良好,温厚で、人に良く懐く。,患者さんのご自宅で生まれた。,./img/3995/,,5,5,3,5,5,3,3
3996,ほくろちゃん,日本猫,メス（♀）,0歳4ヵ月（2017年08月19日登録）,2kg,白、キジトラ,未,無,済,室内飼い、避妊手術、毎年の予防をきちんとやってくださる方希望。,猫エイズ、白血病陰性。3種ワクチン済。発育良好。,温厚。人に良く懐く。,患者さんのご自宅で生まれた。,./img/3996/,,5,5,3,5,5,3,3
4007,アカちゃん,日本猫,メス（♀）,0歳1ヵ月（2017年08月29日登録）,0.39kg,白、グレー、茶,未,無,未,唯一の女の子です。元気いっぱいで動き回ってます。,,,病院で保護しました。,./img/4007/,,5,5,3,5,5,3,3
4008,ミドリちゃん,日本猫,オス（♂）,0歳1ヵ月（2017年08月29日登録）,0.37kg,白、グレー,未,無,未,一番小さい子ですが、元気にすくすくと成長しています。,,,病院で保護しました。,./img/4008/,,4,5,4,5,4,3,3
4009,キミドリちゃん,日本猫,オス（♂）,0歳1ヵ月（2017年08月29日登録）,0.41kg,ブラック,未,無,未,一番体が大きい子です。ちょっとおっとりしてるかもしれません。,,,病院で保護しました。,./img/4009/,,5,5,5,5,5,3,3
4037,ろく,日本猫,オス（♂）,1歳0ヵ月（2017年10月30日登録）,4.1kg,キジトラ白,済,無,済,完全室内飼いで生涯飼育できる方。毎年の追加ワクチンも忘れずにしてくれる方。PS実物は写真よりもっと可愛いのでどうか宜しくお願いします!,良好Felv(-)Fiv(-)駆虫済,いつもゴロゴロいっている。とってもとってもいい奴です。警戒心は全くなく誰にでも懐きます。,自分から車にすり寄って来た。,./img/4037/,,5,4,3,5,5,3,2
4038,グレムリン,日本猫,メス（♀）,0歳1・5ヵ月（2017年11月02日登録）,0.55kg,三毛,未,無,未,完全室内飼育で、生涯愛情深く飼育してくださるご家庭に里子に出したいと思います。時期がまいりましたら、避妊去勢手術をさせること、毎年ワクチンの追加接種を受けさせること。猫トイレを2個以上用意してやってください。成長の記録を、メールかインスタで報告いただける事が条件となります。同腹子2頭で引き取っていただけると、猫たちも幸せだと思います。もし可能でしたら、そのことも併せてご検討ください。,健康状態良好。外部、内部寄生虫駆除、予防済。シャンプー済。11月末にウイルス検査と初回3種混合ワクチンをする予定です。,活発で元気。6匹兄弟にもまれ、鍛えられています。犬とも仲良く出来ます。,地元警察で保護されて、ボランティアさんが健康診断に連れてきた子猫たちです。6匹兄妹たちの1匹。,./img/4038/,,4,5,4,5,4,3,3
4039,キャラ,日本猫,メス（♀）,0歳1・5ヵ月（2017年11月02日登録）,0.55kg,三毛,未,無,未,完全室内飼育で、生涯愛情深く飼育してくださるご家庭に里子に出したいと思います。時期がまいりましたら、避妊去勢手術をさせること、毎年ワクチンの追加接種を受けさせること。猫トイレを2個以上用意してやってください。成長の記録を、メールかインスタで報告いただける事が条件となります。同腹子2頭で引き取っていただけると、猫たちも幸せだと思います。もし可能でしたら、そのことも併せてご検討ください。,健康状態良好。外部、内部寄生虫駆除、予防済。シャンプー済。11月末にウイルス検査と初回3種混合ワクチンをする予定です。,活発で元気。6匹兄弟にもまれ、鍛えられています。犬とも仲良く出来ます。,地元警察で保護されて、ボランティアさんが健康診断に連れてきた子猫たちです。6匹兄妹たちの1匹。,./img/4039/,,5,5,4,5,5,3,3
4040,テト,日本猫,メス（♀）,0歳1・5ヵ月（2017年11月02日登録）,0.55kg,茶黒,未,無,未,完全室内飼育で、生涯愛情深く飼育してくださるご家庭に里子に出したいと思います。時期がまいりましたら、避妊去勢手術をさせること、毎年ワクチンの追加接種を受けさせること。猫トイレを2個以上用意してやってください。成長の記録を、メールかインスタで報告いただける事が条件となります。同腹子2頭で引き取っていただけると、猫たちも幸せだと思います。もし可能でしたら、そのことも併せてご検討ください。,健康状態良好。外部、内部寄生虫駆除、予防済。シャンプー済。11月末にウイルス検査と初回3種混合ワクチンをする予定です。,活発で元気。6匹兄弟にもまれ、鍛えられています。犬とも仲良く出来ます。,地元警察で保護されて、ボランティアさんが健康診断に連れてきた子猫たちです。6匹兄妹たちの1匹。,./img/4040/,,2,3,3,5,3,3,2
4041,シマコ,日本猫,メス（♀）,0歳1・5ヵ月（2017年11月02日登録）,0.45kg,茶黒縞,未,無,未,完全室内飼育で、生涯愛情深く飼育してくださるご家庭に里子に出したいと思います。時期がまいりましたら、避妊去勢手術をさせること、毎年ワクチンの追加接種を受けさせること。猫トイレを2個以上用意してやってください。成長の記録を、メールかインスタで報告いただける事が条件となります。同腹子2頭で引き取っていただけると、猫たちも幸せだと思います。もし可能でしたら、そのことも併せてご検討ください。,健康状態良好。外部、内部寄生虫駆除、予防済。シャンプー済。11月末にウイルス検査と初回3種混合ワクチンをする予定です。,活発で元気。6匹兄弟にもまれ、鍛えられています。犬とも仲良く出来ます。,地元警察で保護されて、ボランティアさんが健康診断に連れてきた子猫たちです。6匹兄妹たちの1匹。,./img/4041/,,1,3,3,3,1,3,3
4043,ラスカル,日本猫,オス（♂）,0歳1・5ヵ月（2017年11月02日登録）,0.65kg,茶黒縞,未,無,未,完全室内飼育で、生涯愛情深く飼育してくださるご家庭に里子に出したいと思います。時期がまいりましたら、避妊去勢手術をさせること、毎年ワクチンの追加接種を受けさせること。猫トイレを2個以上用意してやってください。成長の記録を、メールかインスタで報告いただける事が条件となります。同腹子2頭で引き取っていただけると、猫たちも幸せだと思います。もし可能でしたら、そのことも併せてご検討ください。,健康状態良好。外部、内部寄生虫駆除、予防済。シャンプー済。11月末にウイルス検査と初回3種混合ワクチンをする予定です。,活発で元気。6匹兄弟にもまれ、鍛えられています。犬とも仲良く出来ます。,地元警察で保護されて、ボランティアさんが健康診断に連れてきた子猫たちです。6匹兄妹たちの1匹。,./img/4043/,,2,3,3,3,3,3,2
4045,ジョー,日本猫,メス（♀）,1歳0ヵ月（2017年11月02日登録）,2.8kg,白、三毛,済,無,済,完全室内飼育で、生涯愛情深く飼育してくださるご家庭に里子に出したいと思います。毎年ワクチンの追加接種を受けさせること。猫トイレを2個以上用意してやってください。,健康状態良好。外部、内部寄生虫駆除、予防済。ウイルス検査済。FeLV(-)FIV(-),穏やかで優しい子です。,地元警察で保護された後、ボランティアさんが健康診断に連れてみえました。,./img/4045/,,5,5,3,3,5,3,3
4046,チビスケ,日本猫,オス（♂）,4歳0ヵ月（2017年11月02日登録）,1.7kg,キジトラ,未,無,済,完全室内飼育で、生涯愛情深く飼育してくださるご家庭に里子に出したいと思います。時期がまいりましたら、避妊去勢手術をさせること、毎年ワクチンの追加接種を受けさせること。猫トイレを2個以上用意してやってください。成長の記録を、メールかインスタで報告いただける事が条件となります。,健康状態良好。外部、内部寄生虫駆除、予防済。シャンプー済。FeLV(-)FIV(-),元気な子です。,地元警察で保護されて、ボランティアさんが健康診断に連れてみえました。,./img/4046/,,3,3,3,2,3,4,2
4060,なし,日本猫,メス（♀）,0歳4ヵ月（2017年11月18日登録）,2.2kg,三毛,未,無,済,9/18に1回目のワクチン接種済み、10/15に2回目のワクチン接種済みです。消化管内寄生虫の駆除薬、ノミ・マダニの予防薬の投与も済んでいます。,すこぶる良好です。,甘えん坊、さびしがりやのおてんば娘です。外は苦手で震えてしまいます。,8/27に駅の近くで昼ごろにみかけ、そのまま夜中まで鳴き続けていたので、保護しました。,./img/4060/,,5,5,5,5,5,3,3
4062,バナナ,日本猫,オス（♂）,推定2歳（2017年11月19日登録）,4.95kg,"白,茶とら",済,無,済,完全室内飼育で、生涯愛情深く飼育してくださるご家庭に里子に出したいと思います。現在、ボランティアさんのお宅で完全屋内飼育中。かわいがられています。気立てのいい子です。,健康状態良好。外部、内部寄生虫駆除、予防済。シャンプー済。FeLV(-)FIV(-),落ちついたいい子です。,地元警察で保護されて、ボランティアさんが飼育しています。,./img/4062/,,2,5,5,3,3,3,3
4073,むぎ,日本猫,メス（♀）,0歳8ヵ月（2017年12月11日登録）,3kg,三毛,済,無,済,お外での生活が長かったため、警戒心が強いですが少しずつ人にも慣れてきてくれました。好奇心旺盛な可愛らしい子です。,血液スクリーニング検査異常なし,,ボランティアの方が保護してくださいました。,./img/4073/,,5,3,3,5,5,3,3
4075,トムくん17-8-C10,日本猫,オス（♂）,推定4歳（2017年12月21日登録）,5kg,白、キジ、グレー,済,無,未,終生飼育していただける優しい飼い主さんを待っています!※譲渡前の審査段階でのご自宅訪問や譲渡後のフォローなどの関係上東京、神奈川、埼玉、千葉エリアと限らせて頂いております。詳しくは、「必ずお読みください」をご覧ください。,・良好・おでこに「いぼ」のようなものがあります。,・人に慣れていて、甘えてくる性格です。・初対面の人で30分程度で自らすり寄ってきます。・食いしん坊です。・音に敏感なこです。,飼い主様のご都合で新しい飼い主様を探しております。,./img/4075/,,4,5,4,5,4,3,3
4111,仮)キャサリン,日本猫,メス（♀）,1歳10ヵ月（2018年02月08日登録）,3kg,黒トラ白,済,無,未,2月末までお預かりしています。慣れるまでに時間はかかりますが触れる子です。また野良になるべく戻したくないのでお気軽にご相談ください。希望があればワクチン接種なども行います。,良好,臆病ですがご飯もしっかり食べ、触れます。時間はかかりますが慣れてくれると思います。,野良の子にご飯をあげていた方が避妊のために保護した子です。,./img/4111/,,5,4,5,5,5,3,2
4115,ジャンくん17-9-C13,日本猫,オス（♂）,推定12歳（2018年02月19日登録）,4.8kg,茶、白、キジ,済,無,済,終生飼育していただける優しい飼い主さんを待っています!※譲渡前の審査段階でのご自宅訪問や譲渡後のフォローなどの関係上東京、神奈川、埼玉、千葉エリアと限らせて頂いております。詳しくは、「必ずお読みください」をご覧ください。,現在、良好・2018年2月26日首と前肢に心因性の脱毛・裂傷疑いで現在治療中→完治・2018年Felv/FIV検査陰性・2018年2月去勢手術済・2018年2月混合ワクチン接種済・2018年2月ノミダニ予防済左眼光彩癒着により白濁,・おっとりした性格・他の猫のお兄さん的な存在・抱っこさせてくれます。・初対面の方に対して怯えてしまいますが、慣れるとゴロゴロします。,飼い主様のご都合で新しい飼い主様を探しております。,./img/4115/,,5,3,5,5,5,3,3
4116,★トライアル中★コテツくん17-9-C14,日本猫,オス（♂）,推定1-2歳（2018年02月19日登録）,3.4kg,白、グレー,済,無,済,終生飼育していただける優しい飼い主さんを待っています!※譲渡前の審査段階でのご自宅訪問や譲渡後のフォローなどの関係上東京、神奈川、埼玉、千葉エリアと限らせて頂いております。詳しくは、「必ずお読みください」をご覧ください。,・2019年3月混合ワクチン接種、やや歯周病あり・2018年耳周辺の脱毛あり(アレルギー疑い)・2018年Felv/FIV検査陰性・2018年2月去勢手術済・2018年2月混合ワクチン接種済・2018年2月ノミダニ予防済★★預かりボランティアさんからの一言★★1週間くらいで抱っこもできるようになりました。膝に乗ってごろごろするのが好きです。とっても甘えん坊でかわいいです。ぐいぐい来られると怯えてしまうので、自分から寄ってくるまで待ってあげて下さい。おしゃべりさんです。,・甘えん坊で撫でてもらうのが好き。・食いしん坊・好奇心旺盛なので、怖がりながらも初対面の人に寄っていきます。,飼い主様のご都合で新しい飼い主様を探しております。,./img/4116/,,5,3,3,4,5,4,2
4136,白黒ちゃん,日本猫,メス（♀）,0歳7ヵ月（2018年03月12日登録）,2kg,白黒,済,無,済,とても人懐っこく甘えん坊です。好奇心旺盛で、抱っこも好きです。飼い猫とたくさん触れ合いたい方におススメです。,極めて良好。猫エイズ、猫白血病ウイルスともに陰性。当院にて避妊済みです。,,とりもち(ネズミ捕り)にかかっていたところを近所の方に保護されました。,./img/4136/,,5,4,5,5,5,3,3
4138,まだ名前はありません,日本猫,メス（♀）,推定5歳（2018年03月17日登録）,3.6kg,茶トラ,未,無,済,とっても美人さんの落ち着いた茶トラさんです!愛情をたくさん注いでくれる家族と巡り合えるといいなと思っています。,4月6日に避妊手術予定です。,穏やかです。診察も穏やかに受けられます。,飼っている猫にふらりとついてきて、家の中に出入りするようになりました。,./img/4138/,,3,4,5,5,5,3,3
4153,みつば,日本猫,メス（♀）,推定4歳（2018年04月11日登録）,3kg,三毛,済,有,済,周りの環境と人に怖がっている様子が見られます。人と関わったことが今までなかったかのもしれません。無理強いせず同じ空間で過ごしてあげたいと思われる方、ぜひよろしくお願いします。,網膜剥離により左目の視力を失っています。保護時すでにこの状態だったため、原因は不明です。,,平成30年2月、仙台市内で衰弱しているところを保護されました。,./img/4153/,,5,4,5,5,5,3,3
4182,nekoA18-3-C5,日本猫,オス（♂）,推定0.2歳（2018年05月21日登録）,0.5kg,茶トラ,未,無,済,終生飼育していただける優しい飼い主さんを待っています!※譲渡前の審査段階でのご自宅訪問や譲渡後のフォローなどの関係上東京、神奈川、埼玉、千葉エリアと限らせて頂いております。詳しくは、「必ずお読みください」をご覧ください。★適齢期になりましたら不妊・去勢手術を行っていただきます。,・2018年5月felv/fiv検査陰性・2018年5月混合ワクチン接種,・野良猫から産まれました。・人を怖がるところがまだありますが、徐々に落ち着いてきています。★保護宅(飼い主様宅)で絶賛、人馴れ練習中★,新しい飼い主を探しております。,./img/4182/,,5,4,5,5,5,3,3
4185,nekoD18-3-C8,日本猫,オス（♂）,推定0.2歳（2018年05月21日登録）,0.5kg,茶トラ,未,無,済,終生飼育していただける優しい飼い主さんを待っています!※譲渡前の審査段階でのご自宅訪問や譲渡後のフォローなどの関係上東京、神奈川、埼玉、千葉エリアと限らせて頂いております。詳しくは、「必ずお読みください」をご覧ください。★適齢期になりましたら不妊・去勢手術を行っていただきます。,・2018年5月felv/fiv検査陰性・2018年5月混合ワクチン接種,・野良猫から産まれました。・人を怖がるところがまだありますが、徐々に落ち着いてきています。★保護宅(飼い主様宅)で絶賛、人馴れ練習中★,新しい飼い主を探しております。,./img/4185/,,5,5,3,5,4,2,2
4214,くまちゃん,日本猫,メス（♀）,0歳3ヵ月（2018年06月18日登録）,0.84kg,黒,未,無,済,完全室内飼いで、避妊手術、ワクチン等の予防をきちんとしてくださる方。動物を飼える住宅環境で、生涯大切にしていただける方を募集しますお問い合わせ頂く場合、ご家族構成と年齢をお知らせ頂ければと思います。,良好Felv(-)Fiv(-),人懐っこく抱っこが好きおとなしく攻撃性はなし,道に捨てられていて,./img/4214/,,3,3,3,3,3,2,2
4220,コタロウ,日本猫,オス（♂）,0歳2.5ヵ月（2018年06月25日登録）,1.2kg,白,未,無,済,性格も温和でとても可愛いです。白色が男の子で白黒色が女の子です。2回目のワクチン接種は新しい飼主様でお願いします。,女の子はランちゃんです。,,生後3週間くらいで拾われたそうです。現在のオーナー様が大切に管理されていて性格も健康状態も良好です。オーナー様にはワンちゃんがいるので大切に飼って頂ける方にお譲りしたいとのことです。とても可愛い子達です。,./img/4220/,,5,3,4,5,4,3,3
4221,斉藤さん,日本猫,メス（♀）,0歳2.5ヵ月（2018年06月25日登録）,0.94kg,キジトラ,未,無,済,完全室内飼いで、避妊手術、ワクチン等の予防をきちんとしてくださる方。動物を飼える住宅環境で、生涯大切にしていただける方を募集しますお問い合わせ頂く場合、ご家族構成と年齢をお知らせ頂ければと思います。,良好Felv陰性FIV陰性,おっとりしていて飼いやすい可愛い子です。,ある日、庭に居た。,./img/4221/,,5,5,5,5,5,3,3
4246,ミルクちゃん,日本猫,メス（♀）,推定3~5歳（2018年07月31日登録）,2.9kg,キジ白,未,無,済,出産歴のある小柄な子です。器量良しでお喋り猫さんです。誰にでも懐きますので可愛がっていただける方ならどなたでも大丈夫な子だと思います。,よくご飯を貰っていたり、人懐こい性格もあり、健康状態は良好です。血液検査異常なし、ウィルステスト2種もマイナスです。,人懐こく誰にでもゴロゴロすりすりします。構って貰うのが好きです。抱っこは苦手かもしれません。ドライフードが大好きで、小柄な割によく食べます。,保護主さんが野良猫ちゃんにご飯をあげて可愛がっていましたが、可愛がっていた子とは違う子を保護してしまい、おうちの猫さんと相性が良くなかったため迷われた挙句里親募集に至ります。現在保護主さんの元でケージで過ごしています。,./img/4246/,,5,3,2,5,5,3,4
4281,キジトラちゃん,日本猫,メス（♀）,0歳6ヵ月（2018年08月29日登録）,2.5kg,キジトラ,済,無,済,3姉妹で保護されました。,良好。,人懐っこいです。,近所の方に保護されました。,./img/4281/,,4,3,3,4,5,3,3
4282,三毛ちゃん,日本猫,メス（♀）,0歳6ヵ月（2018年08月29日登録）,2.5kg,三毛,済,無,済,3姉妹で保護されました。全員里親募集中です(他はキジトラと黒白)。,良好。,人懐っこいです。,近所の方に保護されました。,./img/4282/,,4,3,5,5,3,3,2
4283,くろ,日本猫,オス（♂）,0歳1ヵ月（2018年08月30日登録）,0.5kg,黒白,未,無,未,四人兄弟それぞれ柄がちがいます。,食欲旺盛元気いっぱい4匹で遊んでいます人をこわがることはないです,,のらねこちゃんが産んだ後、こなくなってしまって、保護したそうです。,./img/4283/,,4,5,5,3,3,3,3
4284,みけ,日本猫,メス（♀）,0歳1ヵ月（2018年08月30日登録）,0.5kg,三毛,未,無,未,食欲旺盛元気いっぱい4匹で遊んでいます人をこわがることはないです,,,親猫が迎えにこなかったので。保護しました,./img/4284/,,5,5,5,5,4,3,3
4285,ちゃー,日本猫,オス（♂）,0歳1ヵ月（2018年08月30日登録）,0.5kg,茶白,未,無,未,食欲旺盛元気いっぱい4匹で遊んでいます人をこわがることはないです,,,お母さん猫が行方不明です,./img/4285/,,5,5,5,5,3,3,2
4286,くろしろ,日本猫,メス（♀）,0歳1ヵ月（2018年08月30日登録）,0.5kg,黒白,未,無,未,食欲旺盛元気いっぱい4匹で遊んでいます人をこわがることはないです,,,お母さん猫が旅にでたようです,./img/4286/,,5,5,5,4,5,3,3
4291,愛ちゃん,日本猫,メス（♀）,0歳5ヵ月（2018年09月06日登録）,2kg,キジ白,済,無,済,ツンデレでした。小さい子にも優しいお姉ちゃんです。生涯完全屋内飼育終生愛情深く飼育してくださるご家庭に里子に出したいと思います。諸事情により、単身者にはお譲りできません。ご了承ください。,健康状態良好ウイルス検査FeLV(-)FIV(ー)3種混合ワクチン初回接種済。外部、内部寄生虫駆虫済9月28日にワクチンの追加接種10月28日にウイルス再検査の予定です。,初めは怖がりさんでした。10日ほどで徐々に馴れました。ご理解のある、優しい方に里子にもらわれると幸せです。,常総市内で、ボランティアさんに保護されて連れてこられました。,./img/4291/,,5,4,5,5,5,3,3
4292,えむちゃん,日本猫,オス（♂）,0歳3ヵ月（2018年09月06日登録）,1.1kg,黒縞白,未,無,済,生涯完全屋内飼育終生愛情深く飼育してくださるご家庭に里子に出したいと思います。諸事情により、単身者にはお譲りできません。ご了承ください。,健康状態良好ウイルス検査FeLV(-)FIV(ー)3種混合ワクチン初回接種済。外部、内部寄生虫駆虫済9月28日にワクチンの追加接種10月28日にウイルス再検査の予定です。,健やかで頭の良い男の子です。他の猫や犬にも動じません。かわいらしい盛りです。愛ちゃんと仲良しです。,常総市内で、ボランティアさんに保護されて連れてこられました。,./img/4292/,,5,4,5,5,5,3,3
4293,ゆうちゃん,日本猫,メス（♀）,0歳3ヵ月（2018年09月06日登録）,1.1kg,グレー白,未,無,未,生涯完全屋内飼育終生愛情深く飼育してくださるご家庭に里子に出したいと思います。けいちゃんと仲良し。姉妹で里子にもらわれるとありがたいです。諸事情により、単身者にはお譲りできません。ご了承ください。,健康状態良好ウイルス検査FeLV(-)FIV(ー)3種混合ワクチン初回接種済。外部、内部寄生虫駆虫済10月4日にワクチンの追加接種11月4日にウイルス再検査の予定です。,9月4日に保護されたばかり。今はまだ少し怖がりです。けいちゃんと仲良しです。,常総市内で、ボランティアさんに保護されて連れてこられました。,./img/4293/,,5,4,5,5,5,3,3
4294,けいちゃん,日本猫,メス（♀）,0歳3ヵ月（2018年09月06日登録）,1.1kg,白キジ,未,無,済,生涯完全屋内飼育終生愛情深く飼育してくださるご家庭に里子に出したいと思います。ゆうちゃんと仲良し。姉妹で里子にもらわれるとありがたいです。諸事情により、単身者にはお譲りできません。ご了承ください。,健康状態良好ウイルス検査FeLV(-)FIV(ー)3種混合ワクチン初回接種済。外部、内部寄生虫駆虫済10月4日にワクチンの追加接種11月4日にウイルス再検査の予定です。,9月4日に保護されたばかり。今はまだ少し怖がりです。,常総市内で、ボランティアさんに保護されて連れてこられました。,./img/4294/,,5,4,5,5,4,3,3
4313,太郎,日本猫,オス（♂）,0歳3ヵ月（2018年09月22日登録）,1.5kg,黒白,未,無,済,ボランティアさんに依頼されて、里親会に出るまでお預かりしています。五匹、兄弟姉妹です。かわいいです。,良好。外部内部寄生虫駆除。シャンプー済。9月26日と10月29日にウイルス検査、両日ともFeLV(-)FIV(-)。10月26日に3種混合ワクチン初回接種済。,食欲旺盛、元気いっぱい。兄妹仲良しです。,常総市内の養鶏場で保護されました。,./img/4313/,,5,5,5,5,5,3,3
4314,二郎,日本猫,オス（♂）,0歳1.5ヵ月（2018年09月22日登録）,0.65kg,黒白,未,無,未,ボランティアさんに依頼されて、里親会に出るまでお預かりしています。五匹、兄弟姉妹です。かわいいです。,良好。外部内部寄生虫駆除。シャンプー済です。体重が800gになるのを待って、初回のワクチンをする予定です。,ちょっとこわがりさんです。,常総市内の養鶏場で保護されました。,./img/4314/,,5,4,5,4,5,3,3
4315,三郎,日本猫,オス（♂）,0歳1.5ヵ月（2018年09月22日登録）,0.65kg,キジ白,未,無,未,ボランティアさんに依頼されて、里親会に出るまでお預かりしています。五匹、兄弟姉妹です。かわいいです。完全屋内飼育、終生愛情深く飼育してくださる里親さんを希望します。適切な時期に、去勢手術、追加接種ワクチンを受けさせてください。,良好。外部内部寄生虫駆除。シャンプー済です。体重が800gになるのを待って、初回のワクチンをする予定です。,マイペースでかわいい子猫。,常総市内の養鶏場で保護されました。,./img/4315/,,5,4,5,5,5,3,3
4316,ピーちゃん,日本猫,メス（♀）,0歳3ヵ月（2018年09月22日登録）,1.5kg,白黒,未,無,済,ボランティアさんに依頼されて、里親会に出るまでお預かりしています。五匹、兄弟姉妹です。かわいいです。完全屋内飼育、終生愛情深く飼育してくださる方に差し上げます。適切な時期に、避妊手術、ワクチン追加接種を受けさせてください。,良好。外部内部寄生虫駆除。シャンプー済。9月26日と10月29日にウイルス検査、両日ともFeLV(-)FIV(-)。10月26日に3種混合ワクチン初回接種済。,ちょっとこわがりさんですが、兄妹と一緒でしたら、元気いっぱい。鼻の横の模様がキュートな美人。,常総市内の養鶏場で保護されました。,./img/4316/,,5,4,4,5,5,3,3
4317,キューちゃん,日本猫,メス（♀）,0歳3ヵ月（2018年09月22日登録）,1.5kg,黒白,未,無,済,ボランティアさんに依頼されて、里親会に出るまでお預かりしています。五匹、兄弟姉妹です。かわいいです。完全屋内飼育、終生愛情深く飼育してくださる里親さんを希望します。適切な時期に、避妊手術、ワクチンの追加接種を受けさせてやってください。,良好。外部内部寄生虫駆除。シャンプー済。9月26日と10月29日にウイルス検査、両日ともFeLV(-)FIV(-)。10月26日に3種混合ワクチン初回接種済。,ちょっとこわがりさんです。兄妹と一緒なら、天然な元気な子です。,常総市内の養鶏場で保護されました。,./img/4317/,,4,5,5,5,5,3,3
4319,おーちゃん,日本猫,メス（♀）,0歳2ヵ月（2018年10月02日登録）,0.8kg,黒色,未,無,未,保健所からやってきた黒猫姉妹のひとりです。8月上旬生まれ。お転婆盛りの美人さんです。,もうすぐ1回目の予防注射を接種予定です。,,保健所より,./img/4319/,,5,5,5,5,4,3,3
4320,ぴーちゃん,日本猫,メス（♀）,0歳2ヵ月（2018年10月02日登録）,0.8kg,黒色,未,無,未,保健所からやってきた黒猫姉妹のひとりです。8月上旬生まれ。お転婆盛りで、かわいいお顔をしています!,もうすぐ1回目の予防注射を接種予定です。,,保健所より,./img/4320/,,5,5,5,5,4,3,3
4331,Eちゃん18-8-C15,日本猫,メス（♀）,推定0.2歳（2018年10月09日登録）,1.3kg,茶トラ,未,無,未,終生飼育していただける優しい飼い主さんを待っています!※譲渡前の審査段階でのご自宅訪問や譲渡後のフォローなどの関係上東京、神奈川、埼玉、千葉エリアと限らせて頂いております。詳しくは、「必ずお読みください」をご覧ください。当協会は動物保護施設がないため、現在も飼い主と一緒に暮らしています。※下記内容は飼い主からの聞き取り内容であるため、里親希望者が現れた時点で、当協会で動物の状況を実際に確認にまいります。,・良好食欲旺盛2018/11/3FIV/Felv検査陰性2018/10/9内部寄生虫、ノミダニ予防済み糞便検査(ー),・おとなしく、抱っこしてもおとなしくさせてくれる子です。・ミルクもカリカリの餌も食べています。★★保護された方より★★とっても甘えん坊で良いこで、自らすり寄ってきます。人が見えないと鳴いちゃうくらいです,保護された方は他の猫ちゃんを飼養しているため、新しい飼い主さんを探しています。,./img/4331/,,3,3,3,5,4,3,3
4334,Fくん18-8-C16,日本猫,オス（♂）,0歳2ヵ月（2018年10月15日登録）,1.3kg,キジトラ,未,無,未,終生飼育していただける優しい飼い主さんを待っています!※譲渡前の審査段階でのご自宅訪問や譲渡後のフォローなどの関係上東京、神奈川、埼玉、千葉エリアと限らせて頂いております。詳しくは、「必ずお読みください」をご覧ください。当協会は動物保護施設がないため、現在も飼い主と一緒に暮らしています。※下記内容は飼い主からの聞き取り内容であるため、里親希望者が現れた時点で、当協会で動物の状況を実際に確認にまいります。,・良好食欲旺盛2018/11/3FIV/Felv検査陰性2018/10/23混合ワクチン接種(1回目)2018/10/12内部寄生虫、ノミダニ予防済み糞便検査(ー),・ミルクもカリカリの餌も食べています。・警戒心がまだ強めですが、抱っこはできます。★★保護主さんより★★少しはシャーと言いますが、抱き上げても噛んだりひっかいたりせず、遊び好きの子猫です。,保護された方は他の猫ちゃんを飼養しているため、新しい飼い主さんを探しています。,./img/4334/,,3,3,3,5,3,3,3
4335,Gちゃん18-8-C17,日本猫,メス（♀）,0歳2ヵ月（2018年10月15日登録）,1.3kg,キジトラ,済,無,済,終生飼育していただける優しい飼い主さんを待っています!※譲渡前の審査段階でのご自宅訪問や譲渡後のフォローなどの関係上東京、神奈川、埼玉、千葉エリアと限らせて頂いております。詳しくは、「必ずお読みください」をご覧ください。当協会は動物保護施設がないため、現在も飼い主と一緒に暮らしています。※下記内容は飼い主からの聞き取り内容であるため、里親希望者が現れた時点で、当協会で動物の状況を実際に確認にまいります。,食欲旺盛、良好2018/10/14ノミダニ予防済み2018/10/16糞便検査(+)投薬中2018/10/30糞便検査(-)1回目混合ワクチン接種済み2018/10/30ウィルス検査(陰性)2018/12/72回目混合ワクチン接種済み,・ミルクもカリカリの餌も食べています。・だっこは出来ます★★保護主さんより★★内気なこなので、少しシャーとは言いますがおとなしく抱き上げても噛んだりする事は有りません。,保護された方は他の猫ちゃんを飼養しているため、新しい飼い主さんを探しています。,./img/4335/,,5,4,5,5,5,3,3
4337,Iくん18-8-C19,日本猫,オス（♂）,0歳2ヵ月（2018年10月15日登録）,1.3kg,黒キジトラ,済,無,済,終生飼育していただける優しい飼い主さんを待っています!※譲渡前の審査段階でのご自宅訪問や譲渡後のフォローなどの関係上東京、神奈川、埼玉、千葉エリアと限らせて頂いております。詳しくは、「必ずお読みください」をご覧ください。当協会は動物保護施設がないため、現在も飼い主と一緒に暮らしています。※下記内容は飼い主からの聞き取り内容であるため、里親希望者が現れた時点で、当協会で動物の状況を実際に確認にまいります。,・2018/10/15元気です食欲旺盛2018/10/14ノミダニ予防済み2018/10/16兄弟猫で糞に虫がでたので駆虫投薬中2018/10/30糞便検査(-)1回目混合ワクチン接種済み2018/10/30ウィルス検査(陰性)2018/12/72回目混合ワクチン接種済み,・人に慣れて抱っこもさせてくれます。★やんちゃ坊主です。・ミルクもカリカリの餌も食べています。・だっこは出来ます★★保護主さんより★★もう人馴れして、おとなしくなってきています。抱っこもできます。,保護された方は他の猫ちゃんを飼養しているため、新しい飼い主さんを探しています。,./img/4337/,,5,5,4,5,5,3,3
4344,ダッシュ,日本猫,オス（♂）,0歳2ヵ月（2018年11月06日登録）,1kg,白、さばトラ,未,無,済,"ボランティアさんに依頼されて、里親会に出るまでお預かりしています。完全屋内飼育で、終生愛情深く飼育してくださる里親さんに差し上げます。ワクチンと去勢手術を,適期に受けさせていただくことが条件になります。ミルクのころから愛情深く育てました。優しい里親さんに出会えますように。",良好。8月29日に保護。外部内部寄生虫駆除。シャンプー済。10月28日にウイルス検査、両日ともFeLV(-)FIV(-)。10月24日に3種混合ワクチン初回接種済。,食欲旺盛、元気いっぱい。扉を開けると飛び出すので、ダッシュという名前になりました。怖いもの知らずの男子。,常総市内の養鶏場で保護されました。,./img/4344/,,3,5,5,3,3,2,2
4348,まお,日本猫,メス（♀）,1歳4ヵ月（2018年11月11日登録）,3.5kg,白黒,済,有,済,チャームポイントは白い靴下です。よろしくお願いします!,良好,元気ですが、怒ったりすることはありません。温厚でいい子です。,生後2、3カ月で保健所から引き取り、しばらく動物病院で健康管理・予防をしました。今は猫カフェで活躍中です。,./img/4348/,,4,5,5,5,5,4,3
4349,みなと,日本猫,オス（♂）,1歳4ヵ月（2018年11月11日登録）,4.5kg,キジトラ,済,有,済,おとなしいコなのでとても飼いやすいと思います。ぜひよろしくお願いします!,良好,おっとりさんです。,子猫の時に親切な方に保護されて動物病院に来ました。特に病気もなく、1年間猫カフェで遊んでいます。,./img/4349/,,5,4,5,5,5,3,3
4352,うに,日本猫,メス（♀）,0歳8ヵ月（2018年11月11日登録）,3.5kg,サビ,済,有,済,意外と人気のサビ色女子です。,良好,ひかえめでやさしい性格です。,2、3カ月のころにやさしい方にに保護されて動物病院へやってきました。元気に育っています。,./img/4352/,,3,3,3,4,5,3,3
4361,クロちゃん,日本猫,オス（♂）,推定1歳（2018年11月17日登録）,5kg,黒,済,無,済,人懐っこい男の子です。優しい保護主さんのご希望で、里親を探すことになりました。足元に、すりすりしながらついてくるそうです。完全屋内飼育、終生愛情深く飼育してくださるご家族に差し上げます。お家での状況を写真でおしらせください。お迎えはご家族でおいで下さいますようお願い申し上げます。,2018年11月17日ウイルス検査FeLV(-)FIV(-)でした。3種混合ワクチンを接種して、屋内飼育が開始されました。外部寄生虫、内部寄生虫駆虫済です。,触ってあげるとゴロゴロ嬉しそうです。かわいい男子。人間が大好きです。,すでに猫も犬も飼育しているご家庭のお庭に来るようになったそうです。前足の骨折跡があります。歩行に不自由はありません。,./img/4361/,,5,5,5,5,5,3,3
4372,ちびちゃん,日本猫,メス（♀）,0歳5ヵ月（2018年12月06日登録）,2kg,黒白ハチワレ,済,無,未,目がくりくりで可愛い子です。触れる子なのですぐに慣れると思います。避妊手術助成金の申請のため、耳カットがあります。,ノミ駆除済み。ウィルステストマイナス,,野良ちゃんをよく保護してくださる方が連れてきてくださいました。,./img/4372/,,5,5,4,3,5,3,3
4397,コロ,日本猫,メス（♀）,15歳7ヵ月（2019年01月21日登録）,5kg,三毛,済,無,未,飼い主さんが高齢で飼育が難しくなってしまったため、里親さんを募集しております。現在飼い主様のもとで、完全室内飼いで暮らしています。ご不明な点がありましたら、どうぞお気軽にご連絡ください。,良好,今までずっと1匹で飼われていたため、他の猫ちゃん、犬さんとの相性はわかりません。人懐っこく、おとなしめです。,飼い主さんが高齢で飼育が難しくなってしまったため、里親さんを募集しております。,./img/4397/,,5,5,2,5,5,3,1
4398,みかん,日本猫,メス（♀）,0歳6ヵ月（2019年01月22日登録）,2.5kg,黒白,未,無,済,保護主さんに依頼されて掲載しています。かわいらしい人懐っこい女の子。幸せになってほしいと思います。2人以上ご家族のいるご家庭であること。生涯、完全屋内飼育で、愛情深く飼育してくださること。避妊手術を受けさせること。毎年ワクチンを接種する事。メールで近況を写真添付で送っていただける事。以上を里親さんの条件にさせていただきます。,良好。外部、内部寄生虫駆虫済。初回ワクチン済。ウイルス検査済(FeLV、FIVいずれも陰性)(2か月後に再度ウイルス検査をする予定です。),ゴロゴロ喉を鳴らして、スリスリ頭をおしつけてくるとても愛嬌のあるかわいい子です。人間が大好き。,保護主さんのご自宅庭に遊びに来るようになったので、予防処置とウイルス検査を済ませて里親を見つけてやりたいと当院へ連れてこられました。,./img/4398/,,5,5,4,5,5,3,3
4443,エプちゃん,日本猫,メス（♀）,0歳6ヵ月（2019年04月22日登録）,3kg,白,済,無,済,静かで落ち着いた女の子です。完全屋内飼育で、終生愛情深く飼育してくださるご家庭に里子に出したいと思います。,良好。外部、内部寄生虫駆虫済。4種混合ワクチン初回接種済。FeLV(-)FIV(-)避妊手術済。,静かで落ち着いた女の子です。保護されてまだ2週間ほどですので、慣れてきたら違う顔を見せてくれるかもしれません。,自宅に老齢の猫を飼育中の方が、行き倒れているこの子を保護して、当院に連れて見えました。老猫にストレスを与えたくないので、飼うことはできないが、体調が戻るまで入院させてやってくださいとのことでした。ゆっくり回復していく中で、気立ても良く、かわいらしく、ウイルスの感染もない美しい白い猫だから、きっとどこかに良いご縁があるのではないかと、私たちが感じて、このまま病院でお世話を続けることにしました。,./img/4443/,,5,5,5,5,5,3,3
4446,三毛猫ちゃん,日本猫,メス（♀）,推定1歳（2019年04月26日登録）,3.53kg,三毛,済,有,済,各種の予防が済んでいます。ちょっと人見知りです。トイレトレーニングは済んでいます。,3種混合ワクチン済みノミ・マダニ駆除済みフィラリア予防済み猫エイズ(-)/猫白血病(-),元気いっぱいでオモチャ遊びが大好きです。尻尾はまっすぐです。,外ネコさんが保護されました,./img/4446/,,4,3,3,5,5,3,3
4463,ししまる,日本猫,オス（♂）,推定4歳（2019年05月19日登録）,5kg,茶色,済,無,済,静かで落ち着いた男の子です。完全屋内飼育で、終生愛情深く飼育してくださるご家庭に里子に出したいと思います。よく食べて健康的。美しい猫。リサラーソンのイラストにありそうな、愛嬌のある男の子です。,良好。外部、内部寄生虫駆虫済。3種混合ワクチン初回接種済。FeLV(-)FIV(+)去勢手術済。,美しい茶色の猫です。涼しい屋内でくつろいで過ごすうちに顔つきまでかわいらしさを増してきました。,ご高齢の飼い主さんがご夫婦で施設に入所されることになり、お子さんがいない、親族も猫を引き取って下さらないとの事で、自宅に残されたまま、10日も放置されていたところを私どもが引き取りに行くことになりました。大きなお屋敷に、犬と鶏たちと猫2匹が残されていました。,./img/4463/,,5,5,5,5,5,3,3
4487,ゆめ,日本猫,オス（♂）,0歳2ヵ月（2019年06月12日登録）,1.12kg,グレー,未,無,済,完全室内飼いで去勢手術、ワクチン等の予防をきちんとしてくださる方また動物の飼える住宅環境で生涯大切にしていただける方を募集します。お問い合わせの際、ご家族構成と年齢をお知らせ頂ければと思います。,Felv(-)FIV(-)良好,良,迷い猫,./img/4487/,,5,5,5,3,4,3,3
4508,希望ちゃん,日本猫,オス（♂）,0歳5ヵ月（2019年07月03日登録）,2.58kg,茶トラ,未,無,済,完全室内飼いで、去勢手術、ワクチン等の予防をきちんとしてくださる方。また動物を飼える住宅環境で、生涯大切にしていただける方を募集します。お問い合わせの際は、ご家族構成と年齢をお知らせ頂ければと思います。,Felv(-)、FIV(-),良い,保護猫,./img/4508/,,5,5,5,5,5,3,4
4515,クロくん19-3-C10,日本猫,オス（♂）,推定0.2歳（2019年07月08日登録）,1.1kg,白、黒,未,無,未,終生飼育していただける優しい飼い主さんを待っています!※譲渡前の審査段階でのご自宅訪問や譲渡後のフォローなどの関係上東京、神奈川、埼玉、千葉エリアと限らせて頂いております。詳しくは、「必ずお読みください」をご覧ください。当協会は動物保護施設がないため、現在も飼い主と一緒に暮らしています。正式譲渡後に、新しい飼い主様のご負担で去勢手術を行っていただきます。※下記内容は飼い主からの聞き取り内容であるため、里親希望者が現れた時点で、当協会で動物の状況を実際に確認に参ります。,・フロントライン塗布済み・猫エイズ猫白血病ウイルス陰性(2019/6母猫が検査で陰性のため),・いろいろなことに興味をしめす・元気いっぱい部屋中を駆けずり回る・警戒心はそれなりにありますが、とても甘えん坊です,保護主様が母猫と一緒に保護。新しい飼い主探しをしています。,./img/4515/,,5,5,5,4,4,3,3
4531,ムギたん,日本猫,メス（♀）,0歳1.8ヵ月（2019年07月22日登録）,1kg,茶トラ白,未,無,未,沖縄県に住んでいる知り合いが保護した子猫です。沖縄県内では里親探しが難航しそうなので、東京に連れて来ました。とっても可愛い女の子です!,健康です。ノミマダニお腹の寄生虫駆除薬一回投与ワクチンはまだです。猫エイズ・猫白血病陰性です。風邪症状はありません。,小さいながらもしっかりしており、お腹がすくとドライフードをカリカリとよく食べ、トイレも完璧です!遊びも大好きで、一人でゲジゲジおもちゃを引きずって遊んだりしています。遊んであげると永遠に遊びます…ひとりでも寝られますが、一緒に寝ると首にくっついて寝ます。,沖縄県の田舎町に捨てられたようで、雨の夜、勤務帰りの方の後を鳴きながら追いかけて来ました。空輸にて当院に運びました。保護できて本当によかったです。,./img/4531/,,5,5,4,5,5,3,3
4546,こむぎちゃん,日本猫,オス（♂）,推定1歳（2019年08月07日登録）,3kg,小麦色,済,無,済,完全室内飼育で、終生愛情深く飼育してくださる飼い主さんに差し上げます。先住猫さんがいるお宅へ引き取られる場合は、相性を確認するためのお試し飼育も出来ますので、どうぞご相談ください。この子をご希望の方がおいででしたら、申込時にご家族構成をお知らせください。,良好。7月16日に外部、内部寄生虫駆虫済。7月23日に去勢手術、3種混合ワクチン(初回接種)FeLV(-)FIV(-),目が合うだけで、ゴロゴロ、ブーンブーン喉を鳴らす人懐っこい、愛らしい子です。抱っこが大好き。人が大好き。ペットとして100点満点の資質の持ち主。,優しいお母さんのいるガソリンスタンドの事務所へ7月半ばから、夜だけ来ていたのだが、まもなく一日中居るようになったのでした。,./img/4546/,,4,5,5,5,5,3,3
4547,バスク,日本猫,オス（♂）,0歳3ヵ月（2019年08月07日登録）,1.35kg,キジトラ,未,無,済,完全室内飼育で、終生愛情深く飼育してくださる飼い主さんに差し上げます。先住猫さんがいるお宅へ引き取られる場合は、相性を確認するためのお試し飼育も出来ますので、どうぞご相談ください。この子をご希望の方がおいででしたら、申込時にご家族構成をお知らせください。,良好。7月19日に外部、内部寄生虫駆虫済。7月28日3種混合ワクチン(初回接種)FeLV(-)FIV(-),子猫の魅力が詰まっています。何にでも興味を示して、チーズケーキ3兄弟のなかではリーダー。かわいい男子。美しいキジトラ猫に成長する予定です。,つくば市の桜ニュータウンで保護されました。車にはねられる危険がありましたので、見かねたスタッフが保護し、クリニックで世話することになりました。,./img/4547/,,5,5,5,5,5,3,3
4548,ベイクド,日本猫,オス（♂）,0歳3ヵ月（2019年08月07日登録）,0.9kg,黒,未,無,済,完全室内飼育で、終生愛情深く飼育してくださる飼い主さんに差し上げます。先住猫さんがいるお宅へ引き取られる場合は、相性を確認するためのお試し飼育も出来ますので、どうぞご相談ください。この子をご希望の方がおいででしたら、申込時にご家族構成をお知らせください,良好。7月19日に外部、内部寄生虫駆虫済。7月28日3種混合ワクチン(初回接種)FeLV(-)FIV(-),子猫の魅力が詰まっています。何にでも興味を示して、食べる事より遊ぶことが好き。チーズケーキ兄弟の中では一番スマート。(頭もよさそう)かわいい男子。美しい黒猫に成長する予定です。,つくば市の桜ニュータウンで保護されました。車にはねられる危険がありましたので、見かねたスタッフが保護し、クリニックで世話することになりました。,./img/4548/,,5,5,5,5,3,3,3
4551,ゆめちゃん,日本猫,オス（♂）,0歳3ヵ月（2019年08月09日登録）,1.15kg,茶トラマーブル,未,無,済,完全室内飼育で、終生愛情深く飼育してくださる飼い主さんに差し上げます。先住猫さんがいるお宅へ引き取られる場合は、相性を確認するためのお試し飼育も出来ますので、どうぞご相談ください。この子をご希望の方がおいででしたら、申込時にご家族構成をお知らせください,良好。7月12日に外部、内部寄生虫駆虫済。右目は視力を失いましたが、左目は回復しました。お盆明けに、ウイルスの検査とワクチンをする予定です。,ゴロゴロスリスリして気立ての良いかわいい猫。アメリカンショートヘアーのようなマーブル模様が魅力的。美しいオス猫に成長すること間違いなし。お勧めです。,ボランティアさんが、豪雨の中道にいて、車にひかれそうなところを保護したそうです。伝染病の為に両目の炎症が激しく、見えていなかったので、保護されなければひかれていたでしょう。,./img/4551/,,3,5,5,5,5,3,3
4574,猫ちゃん,日本猫,メス（♀）,0歳3ヵ月（2019年09月09日登録）,1.25kg,三毛,未,無,未,可愛い三毛ちゃんです。だんだん人にも慣れてきました。,異常なし,特に怖がりというわけでもなく、良い子です。,迷い猫で飼主様が保護されました。,./img/4574/,,5,5,5,5,5,3,3
4585,紫陽,日本猫,メス（♀）,0歳08ヵ月（2019年10月08日登録）,2.8kg,黒,未,無,済,シャープなお顔にオレンジがかった瞳が特徴です。,ウイルス検査:院内で実施。FIV(-)/FeLV(-)一般状態良好。,まだ怖がりですが徐々に馴化していく予定です。,父島コーヒー山にて保護されました。,./img/4585/,,5,5,2,5,5,3,3
4592,茶白くん,日本猫,オス（♂）,0歳4ヵ月（2019年10月19日登録）,1.8kg,茶白,済,無,済,最初はすこし怖がることもありますが、時間をかけたらおちつきます。おっとり大人しめの男の子です,,,工場の片隅で兄弟4匹でいきてきました。手術をしてはなすこともできますが人馴れの適応力があるこたちなのであたたかいおうちを見つけてあげたいと保護されました。,./img/4592/,,5,5,3,5,5,3,3
4593,シロキジ1,日本猫,オス（♂）,0歳0ヵ月（2019年10月19日登録）,0.5kg,シロキジ鼻黒,未,無,未,毎日ごはんをもりもり食べています,,まだ小さいので性格は未知数。男の子なのでやんちゃにはなりそうです,野良猫の母猫が堕胎のために捕獲されましたが、間に合わず出産しました。2019.08.22生まれです。,./img/4593/,,5,5,5,5,5,3,2
4611,ロッキーちゃん,日本猫,オス（♂）,0歳07ヵ月（2019年11月07日登録）,3.15kg,キジトラ,未,無,済,完全室内飼いで、去勢手術・ワクチン等の予防をきちんとしてくださる方。また動物を飼える住宅環境で、生涯大切にしていただける方を募集します。お問い合わせの際、ご家族構成と年齢をお知らせ頂ければと思います。,一般状態は良好(Felv-)(FIV-)右後肢先端の欠損(おそらく先天的)歩行には問題なし,初対面でも威嚇したりはせず、おとなしい。,近所で、強そうな猫に何度もいじめられていたので、可哀そうで保護した,./img/4611/,,5,5,5,5,5,3,3
4629,仮名ふぃがろ,日本猫,オス（♂）,0歳4ヵ月（2019年12月11日登録）,2.2kg,黒白やや長毛,済,無,済,足が短いムチムチころころタイプです。最初は少し怖がりますが、慣れは早い方です。よく食べ、甘えん坊になりそうですよ。,,,患者さまからのご相談,./img/4629/,,5,5,5,5,5,3,3
